StandardGSGP,78377d22-3728-11f0-ac89-f89e941a2f2f,sustavianfeed,1111,0,52.40753936767578,0.0034301280975341797,81.0,50.06377410888672,3,1
StandardGSGP,78377d22-3728-11f0-ac89-f89e941a2f2f,sustavianfeed,1111,1,52.40753936767578,0.005820751190185547,411.0,50.06377410888672,3,1
StandardGSGP,78377d22-3728-11f0-ac89-f89e941a2f2f,sustavianfeed,1111,2,52.40753936767578,0.00493168830871582,1007.0,50.06377410888672,3,1
StandardGSGP,78377d22-3728-11f0-ac89-f89e941a2f2f,sustavianfeed,1111,3,52.38663101196289,0.005071163177490234,2001.0,50.04311752319336,43,1
StandardGSGP,78377d22-3728-11f0-ac89-f89e941a2f2f,sustavianfeed,1111,4,52.38663101196289,0.005359172821044922,3687.0,50.04311752319336,43,1
StandardGSGP,78377d22-3728-11f0-ac89-f89e941a2f2f,sustavianfeed,1111,5,52.326560974121094,0.004997730255126953,6621.0,49.98329544067383,201,1
StandardGSGP,78377d22-3728-11f0-ac89-f89e941a2f2f,sustavianfeed,1111,6,52.326560974121094,0.005195140838623047,12675.0,49.98329544067383,201,1
StandardGSGP,78377d22-3728-11f0-ac89-f89e941a2f2f,sustavianfeed,1111,7,52.32554244995117,0.005561351776123047,18171.0,49.9822883605957,207,1
StandardGSGP,78377d22-3728-11f0-ac89-f89e941a2f2f,sustavianfeed,1111,8,52.28304672241211,0.005774021148681641,28225.0,49.93943786621094,1073,1
StandardGSGP,78377d22-3728-11f0-ac89-f89e941a2f2f,sustavianfeed,1111,9,52.20874786376953,0.01124715805053711,40117.0,49.86602783203125,213,1
StandardGSGP,78377d22-3728-11f0-ac89-f89e941a2f2f,sustavianfeed,1111,10,52.20874786376953,0.0060236454010009766,69875.0,49.86602783203125,213,1
StandardGSGP,78377d22-3728-11f0-ac89-f89e941a2f2f,sustavianfeed,1111,11,52.20874786376953,0.006056547164916992,103983.0,49.86602783203125,213,1
StandardGSGP,78377d22-3728-11f0-ac89-f89e941a2f2f,sustavianfeed,1111,12,52.20874786376953,0.006040096282958984,163391.0,49.86602783203125,213,1
StandardGSGP,78377d22-3728-11f0-ac89-f89e941a2f2f,sustavianfeed,1111,13,52.17316818237305,0.0055010318756103516,265403.0,49.83001708984375,4063,1
StandardGSGP,78377d22-3728-11f0-ac89-f89e941a2f2f,sustavianfeed,1111,14,52.17316818237305,0.006092548370361328,443799.0,49.83001708984375,4063,1
StandardGSGP,78377d22-3728-11f0-ac89-f89e941a2f2f,sustavianfeed,1111,15,52.17316818237305,0.005645036697387695,657069.0,49.83001708984375,4063,1
StandardGSGP,78377d22-3728-11f0-ac89-f89e941a2f2f,sustavianfeed,1111,16,52.15997314453125,0.005753755569458008,1133783.0,49.8168830871582,4073,1
StandardGSGP,78377d22-3728-11f0-ac89-f89e941a2f2f,sustavianfeed,1111,17,52.15422058105469,0.005996227264404297,1660733.0,49.811161041259766,4069,1
StandardGSGP,78377d22-3728-11f0-ac89-f89e941a2f2f,sustavianfeed,1111,18,52.15422058105469,0.004922628402709961,3090209.0,49.811161041259766,4069,1
StandardGSGP,78377d22-3728-11f0-ac89-f89e941a2f2f,sustavianfeed,1111,19,52.15422058105469,0.005326509475708008,4383151.0,49.811161041259766,4069,1
StandardGSGP,78377d22-3728-11f0-ac89-f89e941a2f2f,sustavianfeed,1111,20,52.10626983642578,0.005414485931396484,8307179.0,49.763431549072266,246099,1
StandardGSGP,78377d22-3728-11f0-ac89-f89e941a2f2f,sustavianfeed,1111,21,52.10626983642578,0.004694938659667969,13582647.0,49.763431549072266,246099,1
StandardGSGP,78377d22-3728-11f0-ac89-f89e941a2f2f,sustavianfeed,1111,22,52.05673599243164,0.005625724792480469,20464389.0,49.71413040161133,751029,1
StandardGSGP,78377d22-3728-11f0-ac89-f89e941a2f2f,sustavianfeed,1111,23,52.05673599243164,0.005048036575317383,31493843.0,49.71413040161133,751029,1
StandardGSGP,78377d22-3728-11f0-ac89-f89e941a2f2f,sustavianfeed,1111,24,52.014034271240234,0.004579305648803711,60794199.0,49.671627044677734,751037,1
StandardGSGP,78377d22-3728-11f0-ac89-f89e941a2f2f,sustavianfeed,1111,25,52.014034271240234,0.004506587982177734,119252635.0,49.671627044677734,751037,1
StandardGSGP,78377d22-3728-11f0-ac89-f89e941a2f2f,sustavianfeed,1111,26,51.95999526977539,0.004658699035644531,206099465.0,49.61907196044922,4165227,1
StandardGSGP,78377d22-3728-11f0-ac89-f89e941a2f2f,sustavianfeed,1111,27,51.95999526977539,0.0058977603912353516,309369333.0,49.61907196044922,4165227,1
StandardGSGP,78377d22-3728-11f0-ac89-f89e941a2f2f,sustavianfeed,1111,28,51.95999526977539,0.004938840866088867,562682139.0,49.61907196044922,4165227,1
StandardGSGP,78377d22-3728-11f0-ac89-f89e941a2f2f,sustavianfeed,1111,29,51.95999526977539,0.0046024322509765625,948356657.0,49.61907196044922,4165227,1
StandardGSGP,78377d22-3728-11f0-ac89-f89e941a2f2f,sustavianfeed,1111,30,51.944183349609375,0.006041049957275391,1646292305.0,49.60251998901367,42938679,1
StandardGSGP,78377d22-3728-11f0-ac89-f89e941a2f2f,sustavianfeed,1111,31,51.944183349609375,0.005248069763183594,3298155509.0,49.60251998901367,42938679,1
StandardGSGP,78377d22-3728-11f0-ac89-f89e941a2f2f,sustavianfeed,1111,32,51.91229248046875,0.005043506622314453,5750078401.0,49.571510314941406,161002183,1
StandardGSGP,78377d22-3728-11f0-ac89-f89e941a2f2f,sustavianfeed,1111,33,51.91229248046875,0.004994392395019531,10562968351.0,49.571510314941406,161002183,1
StandardGSGP,78377d22-3728-11f0-ac89-f89e941a2f2f,sustavianfeed,1111,34,51.91229248046875,0.005585432052612305,16776923381.0,49.571510314941406,161002183,1
StandardGSGP,78377d22-3728-11f0-ac89-f89e941a2f2f,sustavianfeed,1111,35,51.91229248046875,0.005586147308349609,28003122467.0,49.571510314941406,161002183,1
StandardGSGP,78377d22-3728-11f0-ac89-f89e941a2f2f,sustavianfeed,1111,36,51.8515510559082,0.0049359798431396484,53972100403.0,49.51104736328125,1299198221,1
StandardGSGP,78377d22-3728-11f0-ac89-f89e941a2f2f,sustavianfeed,1111,37,51.8515510559082,0.004431009292602539,88190221265.0,49.51104736328125,1299198221,1
StandardGSGP,78377d22-3728-11f0-ac89-f89e941a2f2f,sustavianfeed,1111,38,51.77864074707031,0.0053234100341796875,147509386497.0,49.4384880065918,3864479645,1
StandardGSGP,78377d22-3728-11f0-ac89-f89e941a2f2f,sustavianfeed,1111,39,51.68753433227539,0.0049285888671875,247910837999.0,49.34780502319336,3864479651,1
StandardGSGP,78377d22-3728-11f0-ac89-f89e941a2f2f,sustavianfeed,1111,40,51.68753433227539,0.0048065185546875,408009571027.0,49.34780502319336,3864479651,1
StandardGSGP,78377d22-3728-11f0-ac89-f89e941a2f2f,sustavianfeed,1111,41,51.68753433227539,0.004930257797241211,684706695831.0,49.34780502319336,3864479651,1
StandardGSGP,78377d22-3728-11f0-ac89-f89e941a2f2f,sustavianfeed,1111,42,51.68753433227539,0.005003690719604492,992971081547.0,49.34780502319336,3864479651,1
StandardGSGP,78377d22-3728-11f0-ac89-f89e941a2f2f,sustavianfeed,1111,43,51.632667541503906,0.0051288604736328125,1650861416807.0,49.29319763183594,3864479657,1
StandardGSGP,78377d22-3728-11f0-ac89-f89e941a2f2f,sustavianfeed,1111,44,51.632667541503906,0.004770040512084961,2258453952109.0,49.29319763183594,3864479657,1
StandardGSGP,78377d22-3728-11f0-ac89-f89e941a2f2f,sustavianfeed,1111,45,51.632667541503906,0.0052967071533203125,3805948745359.0,49.29319763183594,3864479657,1
StandardGSGP,78377d22-3728-11f0-ac89-f89e941a2f2f,sustavianfeed,1111,46,51.63188171386719,0.0049784183502197266,6272664991537.0,49.292415618896484,3864479663,1
StandardGSGP,78377d22-3728-11f0-ac89-f89e941a2f2f,sustavianfeed,1111,47,51.604042053222656,0.0051424503326416016,8500441665265.0,49.26405334472656,292890845077,1
StandardGSGP,78377d22-3728-11f0-ac89-f89e941a2f2f,sustavianfeed,1111,48,51.604042053222656,0.004833698272705078,13585867619575.0,49.26405334472656,292890845077,1
StandardGSGP,78377d22-3728-11f0-ac89-f89e941a2f2f,sustavianfeed,1111,49,51.604042053222656,0.004856586456298828,25084752455119.0,49.26405334472656,292890845077,1
StandardGSGP,78377d22-3728-11f0-ac89-f89e941a2f2f,sustavianfeed,1111,50,51.604042053222656,0.004419088363647461,42565991890811.0,49.26405334472656,292890845077,1
StandardGSGP,78377d22-3728-11f0-ac89-f89e941a2f2f,sustavianfeed,1111,51,51.604042053222656,0.005127906799316406,73029396312981.0,49.26405334472656,292890845077,1
StandardGSGP,78377d22-3728-11f0-ac89-f89e941a2f2f,sustavianfeed,1111,52,51.53600311279297,0.004605770111083984,123989942411945.0,49.19657897949219,3812382980995,1
StandardGSGP,78377d22-3728-11f0-ac89-f89e941a2f2f,sustavianfeed,1111,53,51.53600311279297,0.004738807678222656,203127358397969.0,49.19657897949219,3812382980995,1
StandardGSGP,78377d22-3728-11f0-ac89-f89e941a2f2f,sustavianfeed,1111,54,51.53600311279297,0.0051424503326416016,312280801256799.0,49.19657897949219,3812382980995,1
StandardGSGP,78377d22-3728-11f0-ac89-f89e941a2f2f,sustavianfeed,1111,55,51.53600311279297,0.005011081695556641,446462563839113.0,49.19657897949219,3812382980995,1
StandardGSGP,78377d22-3728-11f0-ac89-f89e941a2f2f,sustavianfeed,1111,56,51.53600311279297,0.004883766174316406,656753614747633.0,49.19657897949219,3812382980995,1
StandardGSGP,78377d22-3728-11f0-ac89-f89e941a2f2f,sustavianfeed,1111,57,51.515220642089844,0.004607200622558594,1024799057376289.0,49.17597961425781,26274102693589,1
StandardGSGP,78377d22-3728-11f0-ac89-f89e941a2f2f,sustavianfeed,1111,58,51.49910354614258,0.004381418228149414,1811707528788739.0,49.15934371948242,26888260625423,1
StandardGSGP,78377d22-3728-11f0-ac89-f89e941a2f2f,sustavianfeed,1111,59,51.49910354614258,0.005070924758911133,2765701237411827.0,49.15934371948242,26888260625423,1
StandardGSGP,78377d22-3728-11f0-ac89-f89e941a2f2f,sustavianfeed,1111,60,51.479095458984375,0.004453420639038086,4341684552212673.0,49.140010833740234,82106261490075,1
StandardGSGP,78377d22-3728-11f0-ac89-f89e941a2f2f,sustavianfeed,1111,61,51.479095458984375,0.004897356033325195,7116115478076859.0,49.140010833740234,82106261490075,1
StandardGSGP,78377d22-3728-11f0-ac89-f89e941a2f2f,sustavianfeed,1111,62,51.479095458984375,0.005183696746826172,1.1275914684418328e+16,49.140010833740234,82106261490075,1
StandardGSGP,78377d22-3728-11f0-ac89-f89e941a2f2f,sustavianfeed,1111,63,51.479095458984375,0.004501819610595703,2.1480210977490296e+16,49.140010833740234,82106261490075,1
StandardGSGP,78377d22-3728-11f0-ac89-f89e941a2f2f,sustavianfeed,1111,64,51.46644973754883,0.004631519317626953,3.860032637750388e+16,49.127254486083984,446480694768195,1
StandardGSGP,78377d22-3728-11f0-ac89-f89e941a2f2f,sustavianfeed,1111,65,51.45516586303711,0.004780769348144531,6.795501133597473e+16,49.1161994934082,1827811795541641,1
StandardGSGP,78377d22-3728-11f0-ac89-f89e941a2f2f,sustavianfeed,1111,66,51.428775787353516,0.0053064823150634766,1.137845032482624e+17,49.08991622924805,1827811795541647,1
StandardGSGP,78377d22-3728-11f0-ac89-f89e941a2f2f,sustavianfeed,1111,67,51.428775787353516,0.004858732223510742,1.8567143426971418e+17,49.08991622924805,1827811795541647,1
StandardGSGP,78377d22-3728-11f0-ac89-f89e941a2f2f,sustavianfeed,1111,68,51.428775787353516,0.004477977752685547,2.762579155576846e+17,49.08991622924805,1827811795541647,1
StandardGSGP,78377d22-3728-11f0-ac89-f89e941a2f2f,sustavianfeed,1111,69,51.41651916503906,0.005106687545776367,4.763443831439262e+17,49.077579498291016,14773856386681785,1
StandardGSGP,78377d22-3728-11f0-ac89-f89e941a2f2f,sustavianfeed,1111,70,51.41651916503906,0.004456996917724609,7.644239281676136e+17,49.077579498291016,14773856386681785,1
StandardGSGP,78377d22-3728-11f0-ac89-f89e941a2f2f,sustavianfeed,1111,71,51.41651916503906,0.004210233688354492,1.381085145844811e+18,49.077579498291016,14773856386681785,1
StandardGSGP,78377d22-3728-11f0-ac89-f89e941a2f2f,sustavianfeed,1111,72,51.41651916503906,0.004837512969970703,2.3214000154200463e+18,49.077579498291016,14773856386681785,1
StandardGSGP,78377d22-3728-11f0-ac89-f89e941a2f2f,sustavianfeed,1111,73,51.41651916503906,0.004471778869628906,3.9953508471869025e+18,49.077579498291016,14773856386681785,1
StandardGSGP,78377d22-3728-11f0-ac89-f89e941a2f2f,sustavianfeed,1111,74,51.41651916503906,0.005743265151977539,7.071907082731396e+18,49.077579498291016,14773856386681785,1
StandardGSGP,78377d22-3728-11f0-ac89-f89e941a2f2f,sustavianfeed,1111,75,51.339599609375,0.0047931671142578125,1.1022905130051777e+19,49.00030517578125,134126589468400447,1
StandardGSGP,78377d22-3728-11f0-ac89-f89e941a2f2f,sustavianfeed,1111,76,51.29595184326172,0.004644155502319336,1.5944310212568982e+19,48.956424713134766,523453599163830953,1
StandardGSGP,78377d22-3728-11f0-ac89-f89e941a2f2f,sustavianfeed,1111,77,51.29595184326172,0.004279136657714844,2.475135793344936e+19,48.956424713134766,523453599163830953,1
StandardGSGP,78377d22-3728-11f0-ac89-f89e941a2f2f,sustavianfeed,1111,78,51.274192810058594,0.0039327144622802734,4.876178001418944e+19,48.93477249145508,1029283579481019039,1
StandardGSGP,78377d22-3728-11f0-ac89-f89e941a2f2f,sustavianfeed,1111,79,51.274192810058594,0.004266262054443359,8.225997454777767e+19,48.93477249145508,1029283579481019039,1
StandardGSGP,78377d22-3728-11f0-ac89-f89e941a2f2f,sustavianfeed,1111,80,51.27283477783203,0.004249095916748047,1.3131694521332204e+20,48.93365478515625,4711016000969858203,1
StandardGSGP,78377d22-3728-11f0-ac89-f89e941a2f2f,sustavianfeed,1111,81,51.267822265625,0.004595756530761719,2.013238208357975e+20,48.928428649902344,5295656417684420317,1
StandardGSGP,78377d22-3728-11f0-ac89-f89e941a2f2f,sustavianfeed,1111,82,51.267822265625,0.004521846771240234,3.621829785869595e+20,48.928428649902344,5295656417684420317,1
StandardGSGP,78377d22-3728-11f0-ac89-f89e941a2f2f,sustavianfeed,1111,83,51.258338928222656,0.0047261714935302734,7.439601853473172e+20,48.919158935546875,15569514901694987437,1
StandardGSGP,78377d22-3728-11f0-ac89-f89e941a2f2f,sustavianfeed,1111,84,51.25310134887695,0.00513005256652832,1.1517699822413002e+21,48.91387176513672,24686238630377900601,1
StandardGSGP,78377d22-3728-11f0-ac89-f89e941a2f2f,sustavianfeed,1111,85,51.24011993408203,0.004819631576538086,1.864710707544901e+21,48.900909423828125,24330415112318187207,1
StandardGSGP,78377d22-3728-11f0-ac89-f89e941a2f2f,sustavianfeed,1111,86,51.205772399902344,0.00475764274597168,3.2582491658594057e+21,48.86676788330078,24686238630377900607,1
StandardGSGP,78377d22-3728-11f0-ac89-f89e941a2f2f,sustavianfeed,1111,87,51.20497131347656,0.004841804504394531,5.791386002542499e+21,48.865928649902344,24330415112318187213,1
StandardGSGP,78377d22-3728-11f0-ac89-f89e941a2f2f,sustavianfeed,1111,88,51.20497131347656,0.004727840423583984,1.0953501405271246e+22,48.865928649902344,24330415112318187213,1
StandardGSGP,78377d22-3728-11f0-ac89-f89e941a2f2f,sustavianfeed,1111,89,51.20497131347656,0.004690408706665039,1.7738514114026934e+22,48.865928649902344,24330415112318187213,1
StandardGSGP,78377d22-3728-11f0-ac89-f89e941a2f2f,sustavianfeed,1111,90,51.187965393066406,0.004835844039916992,3.200828833428485e+22,48.84903335571289,441022614711785358891,1
StandardGSGP,78377d22-3728-11f0-ac89-f89e941a2f2f,sustavianfeed,1111,91,51.173004150390625,0.0049779415130615234,5.148180319816884e+22,48.83414840698242,1652367111823886314599,1
StandardGSGP,78377d22-3728-11f0-ac89-f89e941a2f2f,sustavianfeed,1111,92,51.08644104003906,0.004979610443115234,8.053934406073587e+22,48.74800109863281,1652367111823886314607,1
StandardGSGP,78377d22-3728-11f0-ac89-f89e941a2f2f,sustavianfeed,1111,93,51.08644104003906,0.004821062088012695,1.2847902925898232e+23,48.74800109863281,1652367111823886314607,1
StandardGSGP,78377d22-3728-11f0-ac89-f89e941a2f2f,sustavianfeed,1111,94,51.068660736083984,0.004601955413818359,2.2339367073628538e+23,48.730308532714844,4236279742165115055305,1
StandardGSGP,78377d22-3728-11f0-ac89-f89e941a2f2f,sustavianfeed,1111,95,51.068660736083984,0.00466609001159668,3.865799772335645e+23,48.730308532714844,4236279742165115055305,1
StandardGSGP,78377d22-3728-11f0-ac89-f89e941a2f2f,sustavianfeed,1111,96,51.068660736083984,0.004468441009521484,6.091899479580916e+23,48.730308532714844,4236279742165115055305,1
StandardGSGP,78377d22-3728-11f0-ac89-f89e941a2f2f,sustavianfeed,1111,97,51.068660736083984,0.004418373107910156,1.02575893754209e+24,48.730308532714844,4236279742165115055305,1
StandardGSGP,78377d22-3728-11f0-ac89-f89e941a2f2f,sustavianfeed,1111,98,51.05660629272461,0.0047376155853271484,1.753986410926699e+24,48.71826934814453,55749043481319134446363,1
StandardGSGP,78377d22-3728-11f0-ac89-f89e941a2f2f,sustavianfeed,1111,99,51.05660629272461,0.004511117935180664,2.6307686576614226e+24,48.71826934814453,55749043481319134446363,1
StandardGSGP,78377d22-3728-11f0-ac89-f89e941a2f2f,sustavianfeed,1111,100,51.01546096801758,0.004143953323364258,3.6987331381192063e+24,48.67735290527344,133482237965153480282821,1
StandardGSGP,7889f9e4-3728-11f0-ac89-f89e941a2f2f,sustavianfeed,1111,0,52.40753936767578,0.002405881881713867,81.0,50.06377410888672,3,1
StandardGSGP,7889f9e4-3728-11f0-ac89-f89e941a2f2f,sustavianfeed,1111,1,52.40753936767578,0.0048122406005859375,411.0,50.06377410888672,3,1
StandardGSGP,7889f9e4-3728-11f0-ac89-f89e941a2f2f,sustavianfeed,1111,2,52.40753936767578,0.0040700435638427734,1007.0,50.06377410888672,3,1
StandardGSGP,7889f9e4-3728-11f0-ac89-f89e941a2f2f,sustavianfeed,1111,3,52.38140106201172,0.004472255706787109,2001.0,50.0379524230957,43,1
StandardGSGP,7889f9e4-3728-11f0-ac89-f89e941a2f2f,sustavianfeed,1111,4,52.38140106201172,0.0047419071197509766,3687.0,50.0379524230957,43,1
StandardGSGP,7889f9e4-3728-11f0-ac89-f89e941a2f2f,sustavianfeed,1111,5,52.306312561035156,0.004340648651123047,6621.0,49.96317672729492,201,1
StandardGSGP,7889f9e4-3728-11f0-ac89-f89e941a2f2f,sustavianfeed,1111,6,52.306312561035156,0.004274845123291016,12675.0,49.96317672729492,201,1
StandardGSGP,7889f9e4-3728-11f0-ac89-f89e941a2f2f,sustavianfeed,1111,7,52.3050422668457,0.0055658817291259766,18171.0,49.961910247802734,207,1
StandardGSGP,7889f9e4-3728-11f0-ac89-f89e941a2f2f,sustavianfeed,1111,8,52.251708984375,0.004988193511962891,28225.0,49.908267974853516,1073,1
StandardGSGP,7889f9e4-3728-11f0-ac89-f89e941a2f2f,sustavianfeed,1111,9,52.15904998779297,0.004815340042114258,40117.0,49.816593170166016,213,1
StandardGSGP,7889f9e4-3728-11f0-ac89-f89e941a2f2f,sustavianfeed,1111,10,52.15904998779297,0.004794597625732422,69875.0,49.816593170166016,213,1
StandardGSGP,7889f9e4-3728-11f0-ac89-f89e941a2f2f,sustavianfeed,1111,11,52.15904998779297,0.005277156829833984,103983.0,49.816593170166016,213,1
StandardGSGP,7889f9e4-3728-11f0-ac89-f89e941a2f2f,sustavianfeed,1111,12,52.15904998779297,0.00487828254699707,163391.0,49.816593170166016,213,1
StandardGSGP,7889f9e4-3728-11f0-ac89-f89e941a2f2f,sustavianfeed,1111,13,52.11442184448242,0.004445791244506836,265403.0,49.77147674560547,4063,1
StandardGSGP,7889f9e4-3728-11f0-ac89-f89e941a2f2f,sustavianfeed,1111,14,52.11442184448242,0.0058460235595703125,443799.0,49.77147674560547,4063,1
StandardGSGP,7889f9e4-3728-11f0-ac89-f89e941a2f2f,sustavianfeed,1111,15,52.11442184448242,0.004959821701049805,657069.0,49.77147674560547,4063,1
StandardGSGP,7889f9e4-3728-11f0-ac89-f89e941a2f2f,sustavianfeed,1111,16,52.09792709350586,0.004736900329589844,1133783.0,49.75505828857422,4073,1
StandardGSGP,7889f9e4-3728-11f0-ac89-f89e941a2f2f,sustavianfeed,1111,17,52.09074020385742,0.004698753356933594,1660733.0,49.74790573120117,4069,1
StandardGSGP,7889f9e4-3728-11f0-ac89-f89e941a2f2f,sustavianfeed,1111,18,52.09074020385742,0.004033565521240234,3090209.0,49.74790573120117,4069,1
StandardGSGP,7889f9e4-3728-11f0-ac89-f89e941a2f2f,sustavianfeed,1111,19,52.09074020385742,0.004547595977783203,4383151.0,49.74790573120117,4069,1
StandardGSGP,7889f9e4-3728-11f0-ac89-f89e941a2f2f,sustavianfeed,1111,20,52.03080368041992,0.005232810974121094,8307179.0,49.68825149536133,246099,1
StandardGSGP,7889f9e4-3728-11f0-ac89-f89e941a2f2f,sustavianfeed,1111,21,52.03080368041992,0.004085063934326172,13582647.0,49.68825149536133,246099,1
StandardGSGP,7889f9e4-3728-11f0-ac89-f89e941a2f2f,sustavianfeed,1111,22,51.96889114379883,0.004650115966796875,20464389.0,49.626625061035156,751029,1
StandardGSGP,7889f9e4-3728-11f0-ac89-f89e941a2f2f,sustavianfeed,1111,23,51.96889114379883,0.004300355911254883,31493843.0,49.626625061035156,751029,1
StandardGSGP,7889f9e4-3728-11f0-ac89-f89e941a2f2f,sustavianfeed,1111,24,51.91551208496094,0.00435948371887207,60794199.0,49.5734977722168,751037,1
StandardGSGP,7889f9e4-3728-11f0-ac89-f89e941a2f2f,sustavianfeed,1111,25,51.91551208496094,0.0042002201080322266,119252635.0,49.5734977722168,751037,1
StandardGSGP,7889f9e4-3728-11f0-ac89-f89e941a2f2f,sustavianfeed,1111,26,51.847965240478516,0.00433039665222168,206099465.0,49.5078125,4165227,1
StandardGSGP,7889f9e4-3728-11f0-ac89-f89e941a2f2f,sustavianfeed,1111,27,51.847965240478516,0.004653453826904297,309369333.0,49.5078125,4165227,1
StandardGSGP,7889f9e4-3728-11f0-ac89-f89e941a2f2f,sustavianfeed,1111,28,51.847965240478516,0.004578590393066406,562682139.0,49.5078125,4165227,1
StandardGSGP,7889f9e4-3728-11f0-ac89-f89e941a2f2f,sustavianfeed,1111,29,51.847965240478516,0.00414276123046875,948356657.0,49.5078125,4165227,1
StandardGSGP,7889f9e4-3728-11f0-ac89-f89e941a2f2f,sustavianfeed,1111,30,51.828208923339844,0.0046575069427490234,1646292305.0,49.48712158203125,42938679,1
StandardGSGP,7889f9e4-3728-11f0-ac89-f89e941a2f2f,sustavianfeed,1111,31,51.828208923339844,0.00471949577331543,3298155509.0,49.48712158203125,42938679,1
StandardGSGP,7889f9e4-3728-11f0-ac89-f89e941a2f2f,sustavianfeed,1111,32,51.78834533691406,0.004709005355834961,5750078401.0,49.448360443115234,161002183,1
StandardGSGP,7889f9e4-3728-11f0-ac89-f89e941a2f2f,sustavianfeed,1111,33,51.78834533691406,0.0044209957122802734,10562968351.0,49.448360443115234,161002183,1
StandardGSGP,7889f9e4-3728-11f0-ac89-f89e941a2f2f,sustavianfeed,1111,34,51.78834533691406,0.004561185836791992,16776923381.0,49.448360443115234,161002183,1
StandardGSGP,7889f9e4-3728-11f0-ac89-f89e941a2f2f,sustavianfeed,1111,35,51.78834533691406,0.0046541690826416016,28003122467.0,49.448360443115234,161002183,1
StandardGSGP,7889f9e4-3728-11f0-ac89-f89e941a2f2f,sustavianfeed,1111,36,51.71241760253906,0.004628896713256836,53972100403.0,49.3727912902832,1299198221,1
StandardGSGP,7889f9e4-3728-11f0-ac89-f89e941a2f2f,sustavianfeed,1111,37,51.71241760253906,0.004140615463256836,88190221265.0,49.3727912902832,1299198221,1
StandardGSGP,7889f9e4-3728-11f0-ac89-f89e941a2f2f,sustavianfeed,1111,38,51.62128829956055,0.0049054622650146484,147509386497.0,49.28209686279297,3864479645,1
StandardGSGP,7889f9e4-3728-11f0-ac89-f89e941a2f2f,sustavianfeed,1111,39,51.50740432739258,0.004337787628173828,247910837999.0,49.16875457763672,3864479651,1
StandardGSGP,7889f9e4-3728-11f0-ac89-f89e941a2f2f,sustavianfeed,1111,40,51.50740432739258,0.004250764846801758,408009571027.0,49.16875457763672,3864479651,1
StandardGSGP,7889f9e4-3728-11f0-ac89-f89e941a2f2f,sustavianfeed,1111,41,51.50740432739258,0.004652261734008789,684706695831.0,49.16875457763672,3864479651,1
StandardGSGP,7889f9e4-3728-11f0-ac89-f89e941a2f2f,sustavianfeed,1111,42,51.50740432739258,0.0043392181396484375,992971081547.0,49.16875457763672,3864479651,1
StandardGSGP,7889f9e4-3728-11f0-ac89-f89e941a2f2f,sustavianfeed,1111,43,51.43882369995117,0.004625558853149414,1650861416807.0,49.100502014160156,3864479657,1
StandardGSGP,7889f9e4-3728-11f0-ac89-f89e941a2f2f,sustavianfeed,1111,44,51.43882369995117,0.004372835159301758,2258453952109.0,49.100502014160156,3864479657,1
StandardGSGP,7889f9e4-3728-11f0-ac89-f89e941a2f2f,sustavianfeed,1111,45,51.43882369995117,0.004793405532836914,3805948745359.0,49.100502014160156,3864479657,1
StandardGSGP,7889f9e4-3728-11f0-ac89-f89e941a2f2f,sustavianfeed,1111,46,51.437843322753906,0.004712104797363281,6272664991537.0,49.09952163696289,3864479663,1
StandardGSGP,7889f9e4-3728-11f0-ac89-f89e941a2f2f,sustavianfeed,1111,47,51.40304946899414,0.004982709884643555,8500441665265.0,49.06407165527344,292890845077,1
StandardGSGP,7889f9e4-3728-11f0-ac89-f89e941a2f2f,sustavianfeed,1111,48,51.40304946899414,0.005381584167480469,13585867619575.0,49.06407165527344,292890845077,1
StandardGSGP,7889f9e4-3728-11f0-ac89-f89e941a2f2f,sustavianfeed,1111,49,51.40304946899414,0.005497455596923828,25084752455119.0,49.06407165527344,292890845077,1
StandardGSGP,7889f9e4-3728-11f0-ac89-f89e941a2f2f,sustavianfeed,1111,50,51.40304946899414,0.0043795108795166016,42565991890811.0,49.06407165527344,292890845077,1
StandardGSGP,7889f9e4-3728-11f0-ac89-f89e941a2f2f,sustavianfeed,1111,51,51.40304946899414,0.008009672164916992,73029396312981.0,49.06407165527344,292890845077,1
StandardGSGP,7889f9e4-3728-11f0-ac89-f89e941a2f2f,sustavianfeed,1111,52,51.31800842285156,0.005095958709716797,123989942411945.0,48.979736328125,3812382980995,1
StandardGSGP,7889f9e4-3728-11f0-ac89-f89e941a2f2f,sustavianfeed,1111,53,51.31800842285156,0.004998445510864258,203127358397969.0,48.979736328125,3812382980995,1
StandardGSGP,7889f9e4-3728-11f0-ac89-f89e941a2f2f,sustavianfeed,1111,54,51.31800842285156,0.005498170852661133,312280801256799.0,48.979736328125,3812382980995,1
StandardGSGP,7889f9e4-3728-11f0-ac89-f89e941a2f2f,sustavianfeed,1111,55,51.31800842285156,0.005525350570678711,446462563839113.0,48.979736328125,3812382980995,1
StandardGSGP,7889f9e4-3728-11f0-ac89-f89e941a2f2f,sustavianfeed,1111,56,51.31800842285156,0.00565791130065918,656753614747633.0,48.979736328125,3812382980995,1
StandardGSGP,7889f9e4-3728-11f0-ac89-f89e941a2f2f,sustavianfeed,1111,57,51.292022705078125,0.004427909851074219,1024799057376289.0,48.9539909362793,26274102693589,1
StandardGSGP,7889f9e4-3728-11f0-ac89-f89e941a2f2f,sustavianfeed,1111,58,51.27188491821289,0.004331827163696289,1836783366918879.0,48.93320083618164,26888260625423,1
StandardGSGP,7889f9e4-3728-11f0-ac89-f89e941a2f2f,sustavianfeed,1111,59,51.27188491821289,0.00467991828918457,2790777075541967.0,48.93320083618164,26888260625423,1
StandardGSGP,7889f9e4-3728-11f0-ac89-f89e941a2f2f,sustavianfeed,1111,60,51.24687576293945,0.004434347152709961,4366760390342813.0,48.909034729003906,82106261490075,1
StandardGSGP,7889f9e4-3728-11f0-ac89-f89e941a2f2f,sustavianfeed,1111,61,51.24687576293945,0.004515886306762695,7116115478076859.0,48.909034729003906,82106261490075,1
StandardGSGP,7889f9e4-3728-11f0-ac89-f89e941a2f2f,sustavianfeed,1111,62,51.24687576293945,0.004759311676025391,1.1275914684418328e+16,48.909034729003906,82106261490075,1
StandardGSGP,7889f9e4-3728-11f0-ac89-f89e941a2f2f,sustavianfeed,1111,63,51.24687576293945,0.004303932189941406,2.1480210977490296e+16,48.909034729003906,82106261490075,1
StandardGSGP,7889f9e4-3728-11f0-ac89-f89e941a2f2f,sustavianfeed,1111,64,51.23106384277344,0.00434422492980957,3.860032637750388e+16,48.893089294433594,446480694768195,1
StandardGSGP,7889f9e4-3728-11f0-ac89-f89e941a2f2f,sustavianfeed,1111,65,51.21696472167969,0.00444483757019043,6.795501133597473e+16,48.8792724609375,1827811795541641,1
StandardGSGP,7889f9e4-3728-11f0-ac89-f89e941a2f2f,sustavianfeed,1111,66,51.18397521972656,0.0041387081146240234,1.137845032482624e+17,48.84642028808594,1827811795541647,1
StandardGSGP,7889f9e4-3728-11f0-ac89-f89e941a2f2f,sustavianfeed,1111,67,51.18397521972656,0.004679679870605469,1.8567143426971418e+17,48.84642028808594,1827811795541647,1
StandardGSGP,7889f9e4-3728-11f0-ac89-f89e941a2f2f,sustavianfeed,1111,68,51.18397521972656,0.0044863224029541016,2.762579155576846e+17,48.84642028808594,1827811795541647,1
StandardGSGP,7889f9e4-3728-11f0-ac89-f89e941a2f2f,sustavianfeed,1111,69,51.16865539550781,0.004374027252197266,4.763443831439262e+17,48.83100509643555,14773856386681785,1
StandardGSGP,7889f9e4-3728-11f0-ac89-f89e941a2f2f,sustavianfeed,1111,70,51.16865539550781,0.00438237190246582,7.644239281676136e+17,48.83100509643555,14773856386681785,1
StandardGSGP,7889f9e4-3728-11f0-ac89-f89e941a2f2f,sustavianfeed,1111,71,51.16865539550781,0.004858255386352539,1.381085145844811e+18,48.83100509643555,14773856386681785,1
StandardGSGP,7889f9e4-3728-11f0-ac89-f89e941a2f2f,sustavianfeed,1111,72,51.16865539550781,0.005966901779174805,2.3214000154200463e+18,48.83100509643555,14773856386681785,1
StandardGSGP,7889f9e4-3728-11f0-ac89-f89e941a2f2f,sustavianfeed,1111,73,51.16865539550781,0.005972623825073242,3.9953508471869025e+18,48.83100509643555,14773856386681785,1
StandardGSGP,7889f9e4-3728-11f0-ac89-f89e941a2f2f,sustavianfeed,1111,74,51.16865158081055,0.0055904388427734375,7.071907082731396e+18,48.83100509643555,134126589468400441,1
StandardGSGP,7889f9e4-3728-11f0-ac89-f89e941a2f2f,sustavianfeed,1111,75,51.072513580322266,0.005002021789550781,1.1142257863133495e+19,48.73442077636719,134126589468400447,1
StandardGSGP,7889f9e4-3728-11f0-ac89-f89e941a2f2f,sustavianfeed,1111,76,51.01795959472656,0.005331993103027344,1.618301567873242e+19,48.67958068847656,523453599163830953,1
StandardGSGP,7889f9e4-3728-11f0-ac89-f89e941a2f2f,sustavianfeed,1111,77,51.01795959472656,0.004988431930541992,2.5574589632545755e+19,48.67958068847656,523453599163830953,1
StandardGSGP,7889f9e4-3728-11f0-ac89-f89e941a2f2f,sustavianfeed,1111,78,50.99076461791992,0.0052204132080078125,5.105700356039004e+19,48.65251922607422,1029283579481019039,1
StandardGSGP,7889f9e4-3728-11f0-ac89-f89e941a2f2f,sustavianfeed,1111,79,50.99076461791992,0.005415678024291992,8.528048836501789e+19,48.65251922607422,1029283579481019039,1
StandardGSGP,7889f9e4-3728-11f0-ac89-f89e941a2f2f,sustavianfeed,1111,80,50.98905944824219,0.0048694610595703125,1.362746243775177e+20,48.651119232177734,5197600805846047517,1
StandardGSGP,7889f9e4-3728-11f0-ac89-f89e941a2f2f,sustavianfeed,1111,81,50.9827995300293,0.004984617233276367,2.0846654468566136e+20,48.64459228515625,5901593955642328287,1
StandardGSGP,7889f9e4-3728-11f0-ac89-f89e941a2f2f,sustavianfeed,1111,82,50.9827995300293,0.005540370941162109,3.820779123515874e+20,48.64459228515625,5901593955642328287,1
StandardGSGP,7889f9e4-3728-11f0-ac89-f89e941a2f2f,sustavianfeed,1111,83,50.97093963623047,0.00548243522644043,7.90452061284307e+20,48.63300704956055,17148622049405274035,1
StandardGSGP,7889f9e4-3728-11f0-ac89-f89e941a2f2f,sustavianfeed,1111,84,50.97093963623047,0.005923032760620117,1.2487565327194417e+21,48.63300704956055,17148622049405274035,1
StandardGSGP,7889f9e4-3728-11f0-ac89-f89e941a2f2f,sustavianfeed,1111,85,50.82351303100586,0.006228208541870117,1.849262000115156e+21,48.485904693603516,40259270192781407657,1
StandardGSGP,7889f9e4-3728-11f0-ac89-f89e941a2f2f,sustavianfeed,1111,86,50.82351303100586,0.006602287292480469,3.279759305732999e+21,48.485904693603516,40259270192781407657,1
StandardGSGP,7889f9e4-3728-11f0-ac89-f89e941a2f2f,sustavianfeed,1111,87,50.77957534790039,0.006922006607055664,5.84069142344167e+21,48.44218444824219,40259270192781407663,1
StandardGSGP,7889f9e4-3728-11f0-ac89-f89e941a2f2f,sustavianfeed,1111,88,50.77957534790039,0.004338979721069336,1.1788387123500398e+22,48.44218444824219,40259270192781407663,1
StandardGSGP,7889f9e4-3728-11f0-ac89-f89e941a2f2f,sustavianfeed,1111,89,50.77957534790039,0.005560159683227539,1.897509713212005e+22,48.44218444824219,40259270192781407663,1
StandardGSGP,7889f9e4-3728-11f0-ac89-f89e941a2f2f,sustavianfeed,1111,90,50.77957534790039,0.005277395248413086,2.9720143223934574e+22,48.44218444824219,40259270192781407663,1
StandardGSGP,7889f9e4-3728-11f0-ac89-f89e941a2f2f,sustavianfeed,1111,91,50.75042724609375,0.0056993961334228516,4.7577445052438265e+22,48.413150787353516,508610532289366825739,1
StandardGSGP,7889f9e4-3728-11f0-ac89-f89e941a2f2f,sustavianfeed,1111,92,50.75042724609375,0.0045566558837890625,8.423554982003517e+22,48.413150787353516,508610532289366825739,1
StandardGSGP,7889f9e4-3728-11f0-ac89-f89e941a2f2f,sustavianfeed,1111,93,50.72392272949219,0.0072154998779296875,1.269121688976523e+23,48.38566970825195,4168109314315790577865,1
StandardGSGP,7889f9e4-3728-11f0-ac89-f89e941a2f2f,sustavianfeed,1111,94,50.72392272949219,0.005255937576293945,2.2387770161499844e+23,48.38566970825195,4168109314315790577865,1
StandardGSGP,7889f9e4-3728-11f0-ac89-f89e941a2f2f,sustavianfeed,1111,95,50.694026947021484,0.004347324371337891,4.047013562644445e+23,48.35592269897461,4168109314315790577875,1
StandardGSGP,7889f9e4-3728-11f0-ac89-f89e941a2f2f,sustavianfeed,1111,96,50.68655776977539,0.005197048187255859,6.476460690289572e+23,48.348487854003906,4168109314315790577881,1
StandardGSGP,7889f9e4-3728-11f0-ac89-f89e941a2f2f,sustavianfeed,1111,97,50.68655776977539,0.005426168441772461,1.1460435915927706e+24,48.348487854003906,4168109314315790577881,1
StandardGSGP,7889f9e4-3728-11f0-ac89-f89e941a2f2f,sustavianfeed,1111,98,50.63498306274414,0.005815982818603516,1.7485269519422367e+24,48.29716873168945,36734722745557077829319,1
StandardGSGP,7889f9e4-3728-11f0-ac89-f89e941a2f2f,sustavianfeed,1111,99,50.62940216064453,0.005602359771728516,2.565385011404544e+24,48.29161071777344,36734722745557077829325,1
StandardGSGP,7889f9e4-3728-11f0-ac89-f89e941a2f2f,sustavianfeed,1111,100,50.60953140258789,0.005364656448364258,3.308059185053864e+24,48.271732330322266,119699785712313540364157,1
StandardGSGP,78dae124-3728-11f0-ac89-f89e941a2f2f,sustavianfeed,1111,0,52.40753936767578,0.0022461414337158203,81.0,50.06377410888672,3,1
StandardGSGP,78dae124-3728-11f0-ac89-f89e941a2f2f,sustavianfeed,1111,1,52.40753936767578,0.006078004837036133,411.0,50.06377410888672,3,1
StandardGSGP,78dae124-3728-11f0-ac89-f89e941a2f2f,sustavianfeed,1111,2,52.40753936767578,0.005573749542236328,1007.0,50.06377410888672,3,1
StandardGSGP,78dae124-3728-11f0-ac89-f89e941a2f2f,sustavianfeed,1111,3,52.37616729736328,0.005803823471069336,2001.0,50.03278732299805,43,1
StandardGSGP,78dae124-3728-11f0-ac89-f89e941a2f2f,sustavianfeed,1111,4,52.37616729736328,0.005158901214599609,3687.0,50.03278732299805,43,1
StandardGSGP,78dae124-3728-11f0-ac89-f89e941a2f2f,sustavianfeed,1111,5,52.28606033325195,0.005401611328125,6621.0,49.94305419921875,201,1
StandardGSGP,78dae124-3728-11f0-ac89-f89e941a2f2f,sustavianfeed,1111,6,52.28606033325195,0.005173206329345703,12675.0,49.94305419921875,201,1
StandardGSGP,78dae124-3728-11f0-ac89-f89e941a2f2f,sustavianfeed,1111,7,52.284542083740234,0.0065135955810546875,18171.0,49.9415397644043,207,1
StandardGSGP,78dae124-3728-11f0-ac89-f89e941a2f2f,sustavianfeed,1111,8,52.22037124633789,0.006135463714599609,28225.0,49.87709045410156,1073,1
StandardGSGP,78dae124-3728-11f0-ac89-f89e941a2f2f,sustavianfeed,1111,9,52.10934829711914,0.006194591522216797,40117.0,49.767154693603516,213,1
StandardGSGP,78dae124-3728-11f0-ac89-f89e941a2f2f,sustavianfeed,1111,10,52.10934829711914,0.006097316741943359,69875.0,49.767154693603516,213,1
StandardGSGP,78dae124-3728-11f0-ac89-f89e941a2f2f,sustavianfeed,1111,11,52.10934829711914,0.008306026458740234,103983.0,49.767154693603516,213,1
StandardGSGP,78dae124-3728-11f0-ac89-f89e941a2f2f,sustavianfeed,1111,12,52.10934829711914,0.0049860477447509766,163391.0,49.767154693603516,213,1
StandardGSGP,78dae124-3728-11f0-ac89-f89e941a2f2f,sustavianfeed,1111,13,52.0556640625,0.004511356353759766,265403.0,49.71292495727539,4063,1
StandardGSGP,78dae124-3728-11f0-ac89-f89e941a2f2f,sustavianfeed,1111,14,52.0556640625,0.004522562026977539,443799.0,49.71292495727539,4063,1
StandardGSGP,78dae124-3728-11f0-ac89-f89e941a2f2f,sustavianfeed,1111,15,52.0556640625,0.004310131072998047,657069.0,49.71292495727539,4063,1
StandardGSGP,78dae124-3728-11f0-ac89-f89e941a2f2f,sustavianfeed,1111,16,52.03587341308594,0.0047800540924072266,1133783.0,49.69321823120117,4073,1
StandardGSGP,78dae124-3728-11f0-ac89-f89e941a2f2f,sustavianfeed,1111,17,52.02724838256836,0.0047724246978759766,1660733.0,49.68463897705078,4069,1
StandardGSGP,78dae124-3728-11f0-ac89-f89e941a2f2f,sustavianfeed,1111,18,52.02724838256836,0.004179716110229492,3090209.0,49.68463897705078,4069,1
StandardGSGP,78dae124-3728-11f0-ac89-f89e941a2f2f,sustavianfeed,1111,19,52.02724838256836,0.004521369934082031,4383151.0,49.68463897705078,4069,1
StandardGSGP,78dae124-3728-11f0-ac89-f89e941a2f2f,sustavianfeed,1111,20,51.955318450927734,0.004555940628051758,8307179.0,49.6130485534668,246099,1
StandardGSGP,78dae124-3728-11f0-ac89-f89e941a2f2f,sustavianfeed,1111,21,51.955318450927734,0.0049016475677490234,13582647.0,49.6130485534668,246099,1
StandardGSGP,78dae124-3728-11f0-ac89-f89e941a2f2f,sustavianfeed,1111,22,51.88102722167969,0.005416393280029297,20464389.0,49.539100646972656,751029,1
StandardGSGP,78dae124-3728-11f0-ac89-f89e941a2f2f,sustavianfeed,1111,23,51.88102722167969,0.004554033279418945,31493843.0,49.539100646972656,751029,1
StandardGSGP,78dae124-3728-11f0-ac89-f89e941a2f2f,sustavianfeed,1111,24,51.81696319580078,0.005198240280151367,60794199.0,49.475345611572266,751037,1
StandardGSGP,78dae124-3728-11f0-ac89-f89e941a2f2f,sustavianfeed,1111,25,51.81696319580078,0.004762172698974609,119252635.0,49.475345611572266,751037,1
StandardGSGP,78dae124-3728-11f0-ac89-f89e941a2f2f,sustavianfeed,1111,26,51.73590850830078,0.005052804946899414,206099465.0,49.396522521972656,4165227,1
StandardGSGP,78dae124-3728-11f0-ac89-f89e941a2f2f,sustavianfeed,1111,27,51.73590850830078,0.00513911247253418,309369333.0,49.396522521972656,4165227,1
StandardGSGP,78dae124-3728-11f0-ac89-f89e941a2f2f,sustavianfeed,1111,28,51.73590850830078,0.005175590515136719,562682139.0,49.396522521972656,4165227,1
StandardGSGP,78dae124-3728-11f0-ac89-f89e941a2f2f,sustavianfeed,1111,29,51.73590850830078,0.005321979522705078,948356657.0,49.396522521972656,4165227,1
StandardGSGP,78dae124-3728-11f0-ac89-f89e941a2f2f,sustavianfeed,1111,30,51.712196350097656,0.005212545394897461,1646292305.0,49.37169647216797,42938679,1
StandardGSGP,78dae124-3728-11f0-ac89-f89e941a2f2f,sustavianfeed,1111,31,51.712196350097656,0.005251169204711914,3298155509.0,49.37169647216797,42938679,1
StandardGSGP,78dae124-3728-11f0-ac89-f89e941a2f2f,sustavianfeed,1111,32,51.664363861083984,0.005233287811279297,5750078401.0,49.3251838684082,161002183,1
StandardGSGP,78dae124-3728-11f0-ac89-f89e941a2f2f,sustavianfeed,1111,33,51.664363861083984,0.0045588016510009766,10562968351.0,49.3251838684082,161002183,1
StandardGSGP,78dae124-3728-11f0-ac89-f89e941a2f2f,sustavianfeed,1111,34,51.664363861083984,0.005111217498779297,16776923381.0,49.3251838684082,161002183,1
StandardGSGP,78dae124-3728-11f0-ac89-f89e941a2f2f,sustavianfeed,1111,35,51.664363861083984,0.005292415618896484,28003122467.0,49.3251838684082,161002183,1
StandardGSGP,78dae124-3728-11f0-ac89-f89e941a2f2f,sustavianfeed,1111,36,51.57324981689453,0.005201578140258789,53972100403.0,49.23450469970703,1299198221,1
StandardGSGP,78dae124-3728-11f0-ac89-f89e941a2f2f,sustavianfeed,1111,37,51.57324981689453,0.005167484283447266,88190221265.0,49.23450469970703,1299198221,1
StandardGSGP,78dae124-3728-11f0-ac89-f89e941a2f2f,sustavianfeed,1111,38,51.46389389038086,0.004837751388549805,147509386497.0,49.12567138671875,3864479645,1
StandardGSGP,78dae124-3728-11f0-ac89-f89e941a2f2f,sustavianfeed,1111,39,51.327232360839844,0.004839181900024414,247910837999.0,48.989662170410156,3864479651,1
StandardGSGP,78dae124-3728-11f0-ac89-f89e941a2f2f,sustavianfeed,1111,40,51.327232360839844,0.005112648010253906,408009571027.0,48.989662170410156,3864479651,1
StandardGSGP,78dae124-3728-11f0-ac89-f89e941a2f2f,sustavianfeed,1111,41,51.327232360839844,0.005084991455078125,684706695831.0,48.989662170410156,3864479651,1
StandardGSGP,78dae124-3728-11f0-ac89-f89e941a2f2f,sustavianfeed,1111,42,51.327232360839844,0.004790544509887695,992971081547.0,48.989662170410156,3864479651,1
StandardGSGP,78dae124-3728-11f0-ac89-f89e941a2f2f,sustavianfeed,1111,43,51.24493408203125,0.004998922348022461,1650861416807.0,48.90776062011719,3864479657,1
StandardGSGP,78dae124-3728-11f0-ac89-f89e941a2f2f,sustavianfeed,1111,44,51.24493408203125,0.005171775817871094,2258453952109.0,48.90776062011719,3864479657,1
StandardGSGP,78dae124-3728-11f0-ac89-f89e941a2f2f,sustavianfeed,1111,45,51.24493408203125,0.005389690399169922,3805948745359.0,48.90776062011719,3864479657,1
StandardGSGP,78dae124-3728-11f0-ac89-f89e941a2f2f,sustavianfeed,1111,46,51.24375534057617,0.005069732666015625,6272664991537.0,48.906585693359375,3864479663,1
StandardGSGP,78dae124-3728-11f0-ac89-f89e941a2f2f,sustavianfeed,1111,47,51.202003479003906,0.0055425167083740234,8500441665265.0,48.86404800415039,292890845077,1
StandardGSGP,78dae124-3728-11f0-ac89-f89e941a2f2f,sustavianfeed,1111,48,51.202003479003906,0.0048291683197021484,13585867619575.0,48.86404800415039,292890845077,1
StandardGSGP,78dae124-3728-11f0-ac89-f89e941a2f2f,sustavianfeed,1111,49,51.202003479003906,0.0051403045654296875,25084752455119.0,48.86404800415039,292890845077,1
StandardGSGP,78dae124-3728-11f0-ac89-f89e941a2f2f,sustavianfeed,1111,50,51.202003479003906,0.005102872848510742,42565991890811.0,48.86404800415039,292890845077,1
StandardGSGP,78dae124-3728-11f0-ac89-f89e941a2f2f,sustavianfeed,1111,51,51.202003479003906,0.00496983528137207,73029396312981.0,48.86404800415039,292890845077,1
StandardGSGP,78dae124-3728-11f0-ac89-f89e941a2f2f,sustavianfeed,1111,52,51.09994888305664,0.005148887634277344,123989942411945.0,48.76285171508789,3812382980995,1
StandardGSGP,78dae124-3728-11f0-ac89-f89e941a2f2f,sustavianfeed,1111,53,51.09994888305664,0.0053310394287109375,203127358397969.0,48.76285171508789,3812382980995,1
StandardGSGP,78dae124-3728-11f0-ac89-f89e941a2f2f,sustavianfeed,1111,54,51.09994888305664,0.0054280757904052734,312280801256799.0,48.76285171508789,3812382980995,1
StandardGSGP,78dae124-3728-11f0-ac89-f89e941a2f2f,sustavianfeed,1111,55,51.09994888305664,0.005685567855834961,446462563839113.0,48.76285171508789,3812382980995,1
StandardGSGP,78dae124-3728-11f0-ac89-f89e941a2f2f,sustavianfeed,1111,56,51.09994888305664,0.005279541015625,656753614747633.0,48.76285171508789,3812382980995,1
StandardGSGP,78dae124-3728-11f0-ac89-f89e941a2f2f,sustavianfeed,1111,57,51.06877899169922,0.004515886306762695,1024799057376289.0,48.731964111328125,26274102693589,1
StandardGSGP,78dae124-3728-11f0-ac89-f89e941a2f2f,sustavianfeed,1111,58,51.04460906982422,0.006330728530883789,1811707528788739.0,48.7070198059082,26888260625423,1
StandardGSGP,78dae124-3728-11f0-ac89-f89e941a2f2f,sustavianfeed,1111,59,51.04460906982422,0.0055408477783203125,2765701237411827.0,48.7070198059082,26888260625423,1
StandardGSGP,78dae124-3728-11f0-ac89-f89e941a2f2f,sustavianfeed,1111,60,51.01459503173828,0.004607677459716797,4341684552212673.0,48.67801284790039,82106261490075,1
StandardGSGP,78dae124-3728-11f0-ac89-f89e941a2f2f,sustavianfeed,1111,61,51.01459503173828,0.009037494659423828,7116115478076859.0,48.67801284790039,82106261490075,1
StandardGSGP,78dae124-3728-11f0-ac89-f89e941a2f2f,sustavianfeed,1111,62,51.01459503173828,0.005791187286376953,1.1275914684418328e+16,48.67801284790039,82106261490075,1
StandardGSGP,78dae124-3728-11f0-ac89-f89e941a2f2f,sustavianfeed,1111,63,51.01459503173828,0.00539088249206543,2.1480210977490296e+16,48.67801284790039,82106261490075,1
StandardGSGP,78dae124-3728-11f0-ac89-f89e941a2f2f,sustavianfeed,1111,64,50.995628356933594,0.006357669830322266,3.860032637750388e+16,48.65888595581055,446480694768195,1
StandardGSGP,78dae124-3728-11f0-ac89-f89e941a2f2f,sustavianfeed,1111,65,50.97870635986328,0.005842685699462891,6.795501133597473e+16,48.64229965209961,1827811795541641,1
StandardGSGP,78dae124-3728-11f0-ac89-f89e941a2f2f,sustavianfeed,1111,66,50.93911361694336,0.00522613525390625,1.137845032482624e+17,48.602882385253906,1827811795541647,1
StandardGSGP,78dae124-3728-11f0-ac89-f89e941a2f2f,sustavianfeed,1111,67,50.93911361694336,0.005228757858276367,1.8567143426971418e+17,48.602882385253906,1827811795541647,1
StandardGSGP,78dae124-3728-11f0-ac89-f89e941a2f2f,sustavianfeed,1111,68,50.93911361694336,0.005312919616699219,2.762579155576846e+17,48.602882385253906,1827811795541647,1
StandardGSGP,78dae124-3728-11f0-ac89-f89e941a2f2f,sustavianfeed,1111,69,50.92073059082031,0.005646228790283203,4.763443831439262e+17,48.584388732910156,14773856386681785,1
StandardGSGP,78dae124-3728-11f0-ac89-f89e941a2f2f,sustavianfeed,1111,70,50.92073059082031,0.0052032470703125,7.644239281676136e+17,48.584388732910156,14773856386681785,1
StandardGSGP,78dae124-3728-11f0-ac89-f89e941a2f2f,sustavianfeed,1111,71,50.92073059082031,0.004564762115478516,1.381085145844811e+18,48.584388732910156,14773856386681785,1
StandardGSGP,78dae124-3728-11f0-ac89-f89e941a2f2f,sustavianfeed,1111,72,50.92073059082031,0.005856513977050781,2.3214000154200463e+18,48.584388732910156,14773856386681785,1
StandardGSGP,78dae124-3728-11f0-ac89-f89e941a2f2f,sustavianfeed,1111,73,50.92073059082031,0.0054264068603515625,3.9953508471869025e+18,48.584388732910156,14773856386681785,1
StandardGSGP,78dae124-3728-11f0-ac89-f89e941a2f2f,sustavianfeed,1111,74,50.92073059082031,0.005047798156738281,7.071907082731396e+18,48.584388732910156,14773856386681785,1
StandardGSGP,78dae124-3728-11f0-ac89-f89e941a2f2f,sustavianfeed,1111,75,50.805362701416016,0.005720376968383789,1.1022905130051777e+19,48.46849822998047,134126589468400447,1
StandardGSGP,78dae124-3728-11f0-ac89-f89e941a2f2f,sustavianfeed,1111,76,50.73990249633789,0.005374431610107422,1.5944310212568982e+19,48.40269470214844,523453599163830953,1
StandardGSGP,78dae124-3728-11f0-ac89-f89e941a2f2f,sustavianfeed,1111,77,50.73990249633789,0.005014657974243164,2.475135793344936e+19,48.40269470214844,523453599163830953,1
StandardGSGP,78dae124-3728-11f0-ac89-f89e941a2f2f,sustavianfeed,1111,78,50.707271575927734,0.005238056182861328,4.876178001418944e+19,48.37022399902344,1029283579481019039,1
StandardGSGP,78dae124-3728-11f0-ac89-f89e941a2f2f,sustavianfeed,1111,79,50.707271575927734,0.0048787593841552734,8.225997454777767e+19,48.37022399902344,1029283579481019039,1
StandardGSGP,78dae124-3728-11f0-ac89-f89e941a2f2f,sustavianfeed,1111,80,50.705230712890625,0.004845142364501953,1.3131694521332204e+20,48.36854934692383,4711016000969858203,1
StandardGSGP,78dae124-3728-11f0-ac89-f89e941a2f2f,sustavianfeed,1111,81,50.69771194458008,0.004916667938232422,2.013238208357975e+20,48.360713958740234,5295656417684420317,1
StandardGSGP,78dae124-3728-11f0-ac89-f89e941a2f2f,sustavianfeed,1111,82,50.69771194458008,0.004820585250854492,3.621829785869595e+20,48.360713958740234,5295656417684420317,1
StandardGSGP,78dae124-3728-11f0-ac89-f89e941a2f2f,sustavianfeed,1111,83,50.68348693847656,0.0052759647369384766,7.439601853473172e+20,48.34680938720703,15569514901694987437,1
StandardGSGP,78dae124-3728-11f0-ac89-f89e941a2f2f,sustavianfeed,1111,84,50.68348693847656,0.0053827762603759766,1.1674232945448423e+21,48.34680938720703,15569514901694987437,1
StandardGSGP,78dae124-3728-11f0-ac89-f89e941a2f2f,sustavianfeed,1111,85,50.50657653808594,0.005241870880126953,1.7248613273827987e+21,48.17030334472656,37348935236073586463,1
StandardGSGP,78dae124-3728-11f0-ac89-f89e941a2f2f,sustavianfeed,1111,86,50.50657653808594,0.0050601959228515625,3.046932693976255e+21,48.17030334472656,37348935236073586463,1
StandardGSGP,78dae124-3728-11f0-ac89-f89e941a2f2f,sustavianfeed,1111,87,50.453853607177734,0.0054264068603515625,5.414956594063068e+21,48.11784362792969,37348935236073586469,1
StandardGSGP,78dae124-3728-11f0-ac89-f89e941a2f2f,sustavianfeed,1111,88,50.453853607177734,0.004979372024536133,1.0930141972965125e+22,48.11784362792969,37348935236073586469,1
StandardGSGP,78dae124-3728-11f0-ac89-f89e941a2f2f,sustavianfeed,1111,89,50.453853607177734,0.00514984130859375,1.7588915718267255e+22,48.11784362792969,37348935236073586469,1
StandardGSGP,78dae124-3728-11f0-ac89-f89e941a2f2f,sustavianfeed,1111,90,50.453853607177734,0.0048563480377197266,2.753190344370088e+22,48.11784362792969,37348935236073586469,1
StandardGSGP,78dae124-3728-11f0-ac89-f89e941a2f2f,sustavianfeed,1111,91,50.41887283325195,0.0053253173828125,4.406142330119941e+22,48.083011627197266,470014192090928264831,1
StandardGSGP,78dae124-3728-11f0-ac89-f89e941a2f2f,sustavianfeed,1111,92,50.41887283325195,0.0052373409271240234,7.800305827654363e+22,48.083011627197266,470014192090928264831,1
StandardGSGP,78dae124-3728-11f0-ac89-f89e941a2f2f,sustavianfeed,1111,93,50.38706970214844,0.005609273910522461,1.1751712790945019e+23,48.0500373840332,3862469285406054719727,1
StandardGSGP,78dae124-3728-11f0-ac89-f89e941a2f2f,sustavianfeed,1111,94,50.38706970214844,0.005547285079956055,2.0730324596076907e+23,48.0500373840332,3862469285406054719727,1
StandardGSGP,78dae124-3728-11f0-ac89-f89e941a2f2f,sustavianfeed,1111,95,50.3511962890625,0.005132436752319336,3.74808611519336e+23,48.014339447021484,3862469285406054719737,1
StandardGSGP,78dae124-3728-11f0-ac89-f89e941a2f2f,sustavianfeed,1111,96,50.34223175048828,0.005333423614501953,5.9984137321787186e+23,48.00542068481445,3862469285406054719743,1
StandardGSGP,78dae124-3728-11f0-ac89-f89e941a2f2f,sustavianfeed,1111,97,50.34223175048828,0.005585432052612305,1.061366227336236e+24,48.00542068481445,3862469285406054719743,1
StandardGSGP,78dae124-3728-11f0-ac89-f89e941a2f2f,sustavianfeed,1111,98,50.28035354614258,0.005344867706298828,1.6193368826056367e+24,47.943851470947266,34024192975950899841723,1
StandardGSGP,78dae124-3728-11f0-ac89-f89e941a2f2f,sustavianfeed,1111,99,50.273651123046875,0.005049943923950195,2.375889375616607e+24,47.93718338012695,34024192975950899841729,1
StandardGSGP,78dae124-3728-11f0-ac89-f89e941a2f2f,sustavianfeed,1111,100,50.24980926513672,0.005311250686645508,3.0638122287974713e+24,47.913326263427734,110865511700949264983895,1
StandardGSGP,793180b0-3728-11f0-ac89-f89e941a2f2f,sustavianfeed,1111,0,52.40753936767578,0.0027611255645751953,81.0,50.06377410888672,3,1
StandardGSGP,793180b0-3728-11f0-ac89-f89e941a2f2f,sustavianfeed,1111,1,52.40753936767578,0.005339860916137695,411.0,50.06377410888672,3,1
StandardGSGP,793180b0-3728-11f0-ac89-f89e941a2f2f,sustavianfeed,1111,2,52.40753936767578,0.004608154296875,1007.0,50.06377410888672,3,1
StandardGSGP,793180b0-3728-11f0-ac89-f89e941a2f2f,sustavianfeed,1111,3,52.38353729248047,0.005080699920654297,2001.0,50.040138244628906,43,1
StandardGSGP,793180b0-3728-11f0-ac89-f89e941a2f2f,sustavianfeed,1111,4,52.38353729248047,0.005194902420043945,3687.0,50.040138244628906,43,1
StandardGSGP,793180b0-3728-11f0-ac89-f89e941a2f2f,sustavianfeed,1111,5,52.3304557800293,0.005283355712890625,6621.0,49.9871940612793,201,1
StandardGSGP,793180b0-3728-11f0-ac89-f89e941a2f2f,sustavianfeed,1111,6,52.3304557800293,0.005189180374145508,12675.0,49.9871940612793,201,1
StandardGSGP,793180b0-3728-11f0-ac89-f89e941a2f2f,sustavianfeed,1111,7,52.31792449951172,0.005555868148803711,18171.0,49.97471618652344,207,1
StandardGSGP,793180b0-3728-11f0-ac89-f89e941a2f2f,sustavianfeed,1111,8,52.28545379638672,0.004869222640991211,28683.0,49.94245529174805,691,1
StandardGSGP,793180b0-3728-11f0-ac89-f89e941a2f2f,sustavianfeed,1111,9,52.19719696044922,0.004986763000488281,38933.0,49.85454559326172,213,1
StandardGSGP,793180b0-3728-11f0-ac89-f89e941a2f2f,sustavianfeed,1111,10,52.19719696044922,0.005119800567626953,64533.0,49.85454559326172,213,1
StandardGSGP,793180b0-3728-11f0-ac89-f89e941a2f2f,sustavianfeed,1111,11,52.19719696044922,0.005470752716064453,95797.0,49.85454559326172,213,1
StandardGSGP,793180b0-3728-11f0-ac89-f89e941a2f2f,sustavianfeed,1111,12,52.19719696044922,0.004997730255126953,151701.0,49.85454559326172,213,1
StandardGSGP,793180b0-3728-11f0-ac89-f89e941a2f2f,sustavianfeed,1111,13,52.159446716308594,0.005031108856201172,247119.0,49.81640625,3299,1
StandardGSGP,793180b0-3728-11f0-ac89-f89e941a2f2f,sustavianfeed,1111,14,52.159446716308594,0.0051267147064208984,412587.0,49.81640625,3299,1
StandardGSGP,793180b0-3728-11f0-ac89-f89e941a2f2f,sustavianfeed,1111,15,52.159446716308594,0.004797220230102539,609049.0,49.81640625,3299,1
StandardGSGP,793180b0-3728-11f0-ac89-f89e941a2f2f,sustavianfeed,1111,16,52.13454818725586,0.005068302154541016,1006365.0,49.791622161865234,3309,1
StandardGSGP,793180b0-3728-11f0-ac89-f89e941a2f2f,sustavianfeed,1111,17,52.12919998168945,0.0051801204681396484,1430099.0,49.78630447387695,3305,1
StandardGSGP,793180b0-3728-11f0-ac89-f89e941a2f2f,sustavianfeed,1111,18,52.12919998168945,0.004633665084838867,2699113.0,49.78630447387695,3305,1
StandardGSGP,793180b0-3728-11f0-ac89-f89e941a2f2f,sustavianfeed,1111,19,52.12541198730469,0.005100727081298828,3796899.0,49.782535552978516,154301,1
StandardGSGP,793180b0-3728-11f0-ac89-f89e941a2f2f,sustavianfeed,1111,20,52.074283599853516,0.0050656795501708984,7286897.0,49.73163986206055,221651,1
StandardGSGP,793180b0-3728-11f0-ac89-f89e941a2f2f,sustavianfeed,1111,21,52.074283599853516,0.0045506954193115234,12096961.0,49.73163986206055,221651,1
StandardGSGP,793180b0-3728-11f0-ac89-f89e941a2f2f,sustavianfeed,1111,22,52.024986267089844,0.0051457881927490234,18048551.0,49.68257522583008,557391,1
StandardGSGP,793180b0-3728-11f0-ac89-f89e941a2f2f,sustavianfeed,1111,23,52.024986267089844,0.00495457649230957,26153679.0,49.68257522583008,557391,1
StandardGSGP,793180b0-3728-11f0-ac89-f89e941a2f2f,sustavianfeed,1111,24,51.97763442993164,0.004943132400512695,49677113.0,49.63544464111328,557399,1
StandardGSGP,793180b0-3728-11f0-ac89-f89e941a2f2f,sustavianfeed,1111,25,51.97763442993164,0.004669189453125,96911685.0,49.63544464111328,557399,1
StandardGSGP,793180b0-3728-11f0-ac89-f89e941a2f2f,sustavianfeed,1111,26,51.924339294433594,0.004736185073852539,161650443.0,49.58376693725586,3169741,1
StandardGSGP,793180b0-3728-11f0-ac89-f89e941a2f2f,sustavianfeed,1111,27,51.924339294433594,0.0045375823974609375,240570985.0,49.58376693725586,3169741,1
StandardGSGP,793180b0-3728-11f0-ac89-f89e941a2f2f,sustavianfeed,1111,28,51.924339294433594,0.0042591094970703125,440990155.0,49.58376693725586,3169741,1
StandardGSGP,793180b0-3728-11f0-ac89-f89e941a2f2f,sustavianfeed,1111,29,51.924339294433594,0.004509925842285156,736739569.0,49.58376693725586,3169741,1
StandardGSGP,793180b0-3728-11f0-ac89-f89e941a2f2f,sustavianfeed,1111,30,51.90406799316406,0.004811763763427734,1264314701.0,49.562721252441406,35425023,1
StandardGSGP,793180b0-3728-11f0-ac89-f89e941a2f2f,sustavianfeed,1111,31,51.90406799316406,0.004915475845336914,2498550107.0,49.562721252441406,35425023,1
StandardGSGP,793180b0-3728-11f0-ac89-f89e941a2f2f,sustavianfeed,1111,32,51.85658264160156,0.005441188812255859,4388018641.0,49.51605987548828,118268601,1
StandardGSGP,793180b0-3728-11f0-ac89-f89e941a2f2f,sustavianfeed,1111,33,51.85658264160156,0.0043582916259765625,8181787781.0,49.51605987548828,118268601,1
StandardGSGP,793180b0-3728-11f0-ac89-f89e941a2f2f,sustavianfeed,1111,34,51.85658264160156,0.004750728607177734,12725015279.0,49.51605987548828,118268601,1
StandardGSGP,793180b0-3728-11f0-ac89-f89e941a2f2f,sustavianfeed,1111,35,51.85658264160156,0.005599021911621094,21858776915.0,49.51605987548828,118268601,1
StandardGSGP,793180b0-3728-11f0-ac89-f89e941a2f2f,sustavianfeed,1111,36,51.832061767578125,0.005196571350097656,38180774403.0,49.491661071777344,676401339,1
StandardGSGP,793180b0-3728-11f0-ac89-f89e941a2f2f,sustavianfeed,1111,37,51.832061767578125,0.004715681076049805,69889632689.0,49.491661071777344,676401339,1
StandardGSGP,793180b0-3728-11f0-ac89-f89e941a2f2f,sustavianfeed,1111,38,51.80619430541992,0.005425930023193359,111041986515.0,49.46590042114258,2473684963,1
StandardGSGP,793180b0-3728-11f0-ac89-f89e941a2f2f,sustavianfeed,1111,39,51.79387664794922,0.005218505859375,144122660327.0,49.453651428222656,2588105683,1
StandardGSGP,793180b0-3728-11f0-ac89-f89e941a2f2f,sustavianfeed,1111,40,51.79387664794922,0.004897117614746094,225348435073.0,49.453651428222656,2588105683,1
StandardGSGP,793180b0-3728-11f0-ac89-f89e941a2f2f,sustavianfeed,1111,41,51.79387664794922,0.004079341888427734,427351269355.0,49.453651428222656,2588105683,1
StandardGSGP,793180b0-3728-11f0-ac89-f89e941a2f2f,sustavianfeed,1111,42,51.75249481201172,0.004374027252197266,762814610749.0,49.41246032714844,13080127565,1
StandardGSGP,793180b0-3728-11f0-ac89-f89e941a2f2f,sustavianfeed,1111,43,51.75249481201172,0.0045397281646728516,1215183602999.0,49.41246032714844,13080127565,1
StandardGSGP,793180b0-3728-11f0-ac89-f89e941a2f2f,sustavianfeed,1111,44,51.73322677612305,0.004449129104614258,2181374258837.0,49.39336013793945,31440918655,1
StandardGSGP,793180b0-3728-11f0-ac89-f89e941a2f2f,sustavianfeed,1111,45,51.73322677612305,0.004846334457397461,3583347923185.0,49.39336013793945,31440918655,1
StandardGSGP,793180b0-3728-11f0-ac89-f89e941a2f2f,sustavianfeed,1111,46,51.66379165649414,0.004681110382080078,5787760102401.0,49.32417678833008,128520612891,1
StandardGSGP,793180b0-3728-11f0-ac89-f89e941a2f2f,sustavianfeed,1111,47,51.66379165649414,0.004546642303466797,9129444306923.0,49.32417678833008,128520612891,1
StandardGSGP,793180b0-3728-11f0-ac89-f89e941a2f2f,sustavianfeed,1111,48,51.66312026977539,0.004449605941772461,14060631924997.0,49.323509216308594,376321431083,1
StandardGSGP,793180b0-3728-11f0-ac89-f89e941a2f2f,sustavianfeed,1111,49,51.625606536865234,0.004735231399536133,18350351019555.0,49.28645324707031,442450260249,1
StandardGSGP,793180b0-3728-11f0-ac89-f89e941a2f2f,sustavianfeed,1111,50,51.61776351928711,0.004221200942993164,25932297472701.0,49.27836608886719,376321431089,1
StandardGSGP,793180b0-3728-11f0-ac89-f89e941a2f2f,sustavianfeed,1111,51,51.61776351928711,0.0050122737884521484,39393231794957.0,49.27836608886719,376321431089,1
StandardGSGP,793180b0-3728-11f0-ac89-f89e941a2f2f,sustavianfeed,1111,52,51.5650634765625,0.0045740604400634766,64362710476441.0,49.225914001464844,1911462681985,1
StandardGSGP,793180b0-3728-11f0-ac89-f89e941a2f2f,sustavianfeed,1111,53,51.5650634765625,0.004343986511230469,96630782840005.0,49.225914001464844,1911462681985,1
StandardGSGP,793180b0-3728-11f0-ac89-f89e941a2f2f,sustavianfeed,1111,54,51.5650634765625,0.004796743392944336,155666583231105.0,49.225914001464844,1911462681985,1
StandardGSGP,793180b0-3728-11f0-ac89-f89e941a2f2f,sustavianfeed,1111,55,51.5650634765625,0.0046138763427734375,251021310932483.0,49.225914001464844,1911462681985,1
StandardGSGP,793180b0-3728-11f0-ac89-f89e941a2f2f,sustavianfeed,1111,56,51.5650634765625,0.004303932189941406,428176319751311.0,49.225914001464844,1911462681985,1
StandardGSGP,793180b0-3728-11f0-ac89-f89e941a2f2f,sustavianfeed,1111,57,51.52910232543945,0.0042836666107177734,706997928211959.0,49.190574645996094,12027026062069,1
StandardGSGP,793180b0-3728-11f0-ac89-f89e941a2f2f,sustavianfeed,1111,58,51.52910232543945,0.00432276725769043,1154716378917129.0,49.190574645996094,12027026062069,1
StandardGSGP,793180b0-3728-11f0-ac89-f89e941a2f2f,sustavianfeed,1111,59,51.52910232543945,0.0048427581787109375,1670582528569835.0,49.190574645996094,12027026062069,1
StandardGSGP,793180b0-3728-11f0-ac89-f89e941a2f2f,sustavianfeed,1111,60,51.52910232543945,0.004755735397338867,2710344266701993.0,49.190574645996094,12027026062069,1
StandardGSGP,793180b0-3728-11f0-ac89-f89e941a2f2f,sustavianfeed,1111,61,51.485042572021484,0.004534244537353516,4156999626073563.0,49.14662551879883,65953069755695,1
StandardGSGP,793180b0-3728-11f0-ac89-f89e941a2f2f,sustavianfeed,1111,62,51.485042572021484,0.0047299861907958984,6370736239203377.0,49.14662551879883,65953069755695,1
StandardGSGP,793180b0-3728-11f0-ac89-f89e941a2f2f,sustavianfeed,1111,63,51.47634506225586,0.00598597526550293,1.0732758912476944e+16,49.13799285888672,345408286962665,1
StandardGSGP,793180b0-3728-11f0-ac89-f89e941a2f2f,sustavianfeed,1111,64,51.45985412597656,0.0048675537109375,1.7746569245345744e+16,49.12162399291992,603767198121009,1
StandardGSGP,793180b0-3728-11f0-ac89-f89e941a2f2f,sustavianfeed,1111,65,51.440399169921875,0.005330324172973633,3.061880878120396e+16,49.102169036865234,731596417641055,1
StandardGSGP,793180b0-3728-11f0-ac89-f89e941a2f2f,sustavianfeed,1111,66,51.42127990722656,0.005105018615722656,5.550361243339552e+16,49.08313751220703,1045261981202905,1
StandardGSGP,793180b0-3728-11f0-ac89-f89e941a2f2f,sustavianfeed,1111,67,51.412498474121094,0.005596160888671875,8.907502646671002e+16,49.07384490966797,1832210611383541,1
StandardGSGP,793180b0-3728-11f0-ac89-f89e941a2f2f,sustavianfeed,1111,68,51.399967193603516,0.005688190460205078,1.4220228529446101e+17,49.06074523925781,731596417641073,1
StandardGSGP,793180b0-3728-11f0-ac89-f89e941a2f2f,sustavianfeed,1111,69,51.399967193603516,0.004676103591918945,2.512327179638496e+17,49.06074523925781,731596417641073,1
StandardGSGP,793180b0-3728-11f0-ac89-f89e941a2f2f,sustavianfeed,1111,70,51.399967193603516,0.005097150802612305,3.791479363928297e+17,49.06074523925781,731596417641073,1
StandardGSGP,793180b0-3728-11f0-ac89-f89e941a2f2f,sustavianfeed,1111,71,51.399967193603516,0.006409168243408203,6.419551051803297e+17,49.06074523925781,731596417641073,1
StandardGSGP,793180b0-3728-11f0-ac89-f89e941a2f2f,sustavianfeed,1111,72,51.37126541137695,0.00585627555847168,1.1601250427859904e+18,49.03252029418945,26559653877842345,1
StandardGSGP,793180b0-3728-11f0-ac89-f89e941a2f2f,sustavianfeed,1111,73,51.32069396972656,0.005911588668823242,1.8626269654910323e+18,48.98188400268555,49889515283307733,1
StandardGSGP,793180b0-3728-11f0-ac89-f89e941a2f2f,sustavianfeed,1111,74,51.32069396972656,0.0070345401763916016,2.9662207953340744e+18,48.98188400268555,49889515283307733,1
StandardGSGP,793180b0-3728-11f0-ac89-f89e941a2f2f,sustavianfeed,1111,75,51.27096176147461,0.005059242248535156,5.047763610742124e+18,48.9306640625,134169517214128425,1
StandardGSGP,793180b0-3728-11f0-ac89-f89e941a2f2f,sustavianfeed,1111,76,51.27096176147461,0.0047607421875,8.075183833437352e+18,48.9306640625,134169517214128425,1
StandardGSGP,793180b0-3728-11f0-ac89-f89e941a2f2f,sustavianfeed,1111,77,51.27096176147461,0.0053005218505859375,1.4642308095535665e+19,48.9306640625,134169517214128425,1
StandardGSGP,793180b0-3728-11f0-ac89-f89e941a2f2f,sustavianfeed,1111,78,51.25197982788086,0.005174875259399414,2.4121760803637764e+19,48.91250991821289,709305099764352907,1
StandardGSGP,793180b0-3728-11f0-ac89-f89e941a2f2f,sustavianfeed,1111,79,51.233001708984375,0.005287885665893555,3.1832621427849662e+19,48.89348220825195,452398066925693047,1
StandardGSGP,793180b0-3728-11f0-ac89-f89e941a2f2f,sustavianfeed,1111,80,51.23113250732422,0.005055665969848633,5.25958949357749e+19,48.891029357910156,1959179238507623625,1
StandardGSGP,793180b0-3728-11f0-ac89-f89e941a2f2f,sustavianfeed,1111,81,51.177188873291016,0.004343986511230469,8.847893269274052e+19,48.83732604980469,1959179238507623633,1
StandardGSGP,793180b0-3728-11f0-ac89-f89e941a2f2f,sustavianfeed,1111,82,51.177188873291016,0.005280971527099609,1.6211260183999588e+20,48.83732604980469,1959179238507623633,1
StandardGSGP,793180b0-3728-11f0-ac89-f89e941a2f2f,sustavianfeed,1111,83,51.177188873291016,0.004467010498046875,2.9235549765690422e+20,48.83732604980469,1959179238507623633,1
StandardGSGP,793180b0-3728-11f0-ac89-f89e941a2f2f,sustavianfeed,1111,84,51.17718505859375,0.004749298095703125,4.86055474798903e+20,48.83732604980469,7357385981786291009,1
StandardGSGP,793180b0-3728-11f0-ac89-f89e941a2f2f,sustavianfeed,1111,85,51.17718505859375,0.005080223083496094,8.422833778270068e+20,48.83732604980469,7357385981786291009,1
StandardGSGP,793180b0-3728-11f0-ac89-f89e941a2f2f,sustavianfeed,1111,86,51.10773468017578,0.005319356918334961,1.4704686163349547e+21,48.76821517944336,7357385981786291015,1
StandardGSGP,793180b0-3728-11f0-ac89-f89e941a2f2f,sustavianfeed,1111,87,51.10773468017578,0.005064964294433594,2.2612151866072637e+21,48.76821517944336,7357385981786291015,1
StandardGSGP,793180b0-3728-11f0-ac89-f89e941a2f2f,sustavianfeed,1111,88,51.10773468017578,0.004930734634399414,3.601111259081576e+21,48.76821517944336,7357385981786291015,1
StandardGSGP,793180b0-3728-11f0-ac89-f89e941a2f2f,sustavianfeed,1111,89,51.10773468017578,0.004860877990722656,4.0213069970720864e+21,48.76821517944336,7357385981786291015,1
StandardGSGP,793180b0-3728-11f0-ac89-f89e941a2f2f,sustavianfeed,1111,90,51.03754425048828,0.0055654048919677734,4.771129692550638e+21,48.698360443115234,29429543927145164105,1
StandardGSGP,793180b0-3728-11f0-ac89-f89e941a2f2f,sustavianfeed,1111,91,51.03754425048828,0.005671977996826172,7.223279351009455e+21,48.698360443115234,29429543927145164105,1
StandardGSGP,793180b0-3728-11f0-ac89-f89e941a2f2f,sustavianfeed,1111,92,51.03754425048828,0.005144834518432617,1.1119144218344469e+22,48.698360443115234,29429543927145164105,1
StandardGSGP,793180b0-3728-11f0-ac89-f89e941a2f2f,sustavianfeed,1111,93,51.03754425048828,0.005240440368652344,1.6624386139630548e+22,48.698360443115234,29429543927145164105,1
StandardGSGP,793180b0-3728-11f0-ac89-f89e941a2f2f,sustavianfeed,1111,94,50.95018768310547,0.00502324104309082,2.663930607372332e+22,48.611427307128906,456790207458846981271,1
StandardGSGP,793180b0-3728-11f0-ac89-f89e941a2f2f,sustavianfeed,1111,95,50.95018768310547,0.005002498626708984,3.8957482247342455e+22,48.611427307128906,456790207458846981271,1
StandardGSGP,793180b0-3728-11f0-ac89-f89e941a2f2f,sustavianfeed,1111,96,50.95018768310547,0.005139589309692383,7.0349565473576505e+22,48.611427307128906,456790207458846981271,1
StandardGSGP,793180b0-3728-11f0-ac89-f89e941a2f2f,sustavianfeed,1111,97,50.95018768310547,0.004693746566772461,1.2947462159418057e+23,48.611427307128906,456790207458846981271,1
StandardGSGP,793180b0-3728-11f0-ac89-f89e941a2f2f,sustavianfeed,1111,98,50.942039489746094,0.005049467086791992,2.078858666134891e+23,48.60332489013672,3097001954005303227449,1
StandardGSGP,793180b0-3728-11f0-ac89-f89e941a2f2f,sustavianfeed,1111,99,50.918853759765625,0.00509953498840332,3.134631032052186e+23,48.58024978637695,456790207458846981279,1
StandardGSGP,793180b0-3728-11f0-ac89-f89e941a2f2f,sustavianfeed,1111,100,50.88496398925781,0.005152225494384766,3.9896499180702936e+23,48.54615020751953,13452544058642358282849,1
StandardGSGP,79830570-3728-11f0-ac89-f89e941a2f2f,sustavianfeed,1111,0,52.40753936767578,0.0026619434356689453,81.0,50.06377410888672,3,1
StandardGSGP,79830570-3728-11f0-ac89-f89e941a2f2f,sustavianfeed,1111,1,52.40753936767578,0.005536794662475586,411.0,50.06377410888672,3,1
StandardGSGP,79830570-3728-11f0-ac89-f89e941a2f2f,sustavianfeed,1111,2,52.40753936767578,0.00468134880065918,1007.0,50.06377410888672,3,1
StandardGSGP,79830570-3728-11f0-ac89-f89e941a2f2f,sustavianfeed,1111,3,52.37831497192383,0.005127668380737305,2001.0,50.034976959228516,43,1
StandardGSGP,79830570-3728-11f0-ac89-f89e941a2f2f,sustavianfeed,1111,4,52.37831497192383,0.0053098201751708984,3687.0,50.034976959228516,43,1
StandardGSGP,79830570-3728-11f0-ac89-f89e941a2f2f,sustavianfeed,1111,5,52.31021499633789,0.004694938659667969,6621.0,49.96707534790039,201,1
StandardGSGP,79830570-3728-11f0-ac89-f89e941a2f2f,sustavianfeed,1111,6,52.31021499633789,0.005078315734863281,12675.0,49.96707534790039,201,1
StandardGSGP,79830570-3728-11f0-ac89-f89e941a2f2f,sustavianfeed,1111,7,52.29742431640625,0.005778074264526367,18171.0,49.954345703125,207,1
StandardGSGP,79830570-3728-11f0-ac89-f89e941a2f2f,sustavianfeed,1111,8,52.25495910644531,0.005099296569824219,27843.0,49.912139892578125,691,1
StandardGSGP,79830570-3728-11f0-ac89-f89e941a2f2f,sustavianfeed,1111,9,52.14750671386719,0.004999637603759766,38513.0,49.80511474609375,213,1
StandardGSGP,79830570-3728-11f0-ac89-f89e941a2f2f,sustavianfeed,1111,10,52.14750671386719,0.005009651184082031,64533.0,49.80511474609375,213,1
StandardGSGP,79830570-3728-11f0-ac89-f89e941a2f2f,sustavianfeed,1111,11,52.14750671386719,0.005769491195678711,95797.0,49.80511474609375,213,1
StandardGSGP,79830570-3728-11f0-ac89-f89e941a2f2f,sustavianfeed,1111,12,52.14750671386719,0.00609898567199707,151701.0,49.80511474609375,213,1
StandardGSGP,79830570-3728-11f0-ac89-f89e941a2f2f,sustavianfeed,1111,13,52.10094451904297,0.005011320114135742,247159.0,49.75811004638672,3299,1
StandardGSGP,79830570-3728-11f0-ac89-f89e941a2f2f,sustavianfeed,1111,14,52.10094451904297,0.005733013153076172,409353.0,49.75811004638672,3299,1
StandardGSGP,79830570-3728-11f0-ac89-f89e941a2f2f,sustavianfeed,1111,15,52.10094451904297,0.004538774490356445,605815.0,49.75811004638672,3299,1
StandardGSGP,79830570-3728-11f0-ac89-f89e941a2f2f,sustavianfeed,1111,16,52.0727424621582,0.005239248275756836,1006365.0,49.730045318603516,3309,1
StandardGSGP,79830570-3728-11f0-ac89-f89e941a2f2f,sustavianfeed,1111,17,52.06596374511719,0.005395412445068359,1442271.0,49.72330093383789,3305,1
StandardGSGP,79830570-3728-11f0-ac89-f89e941a2f2f,sustavianfeed,1111,18,52.06596374511719,0.004619598388671875,2754763.0,49.72330093383789,3305,1
StandardGSGP,79830570-3728-11f0-ac89-f89e941a2f2f,sustavianfeed,1111,19,52.06462860107422,0.0049746036529541016,3909295.0,49.721961975097656,154301,1
StandardGSGP,79830570-3728-11f0-ac89-f89e941a2f2f,sustavianfeed,1111,20,51.999061584472656,0.004968404769897461,7457761.0,49.65670394897461,221651,1
StandardGSGP,79830570-3728-11f0-ac89-f89e941a2f2f,sustavianfeed,1111,21,51.999061584472656,0.004766941070556641,12323755.0,49.65670394897461,221651,1
StandardGSGP,79830570-3728-11f0-ac89-f89e941a2f2f,sustavianfeed,1111,22,51.93738555908203,0.0059125423431396484,18532295.0,49.595314025878906,557391,1
StandardGSGP,79830570-3728-11f0-ac89-f89e941a2f2f,sustavianfeed,1111,23,51.93738555908203,0.0051043033599853516,27204783.0,49.595314025878906,557391,1
StandardGSGP,79830570-3728-11f0-ac89-f89e941a2f2f,sustavianfeed,1111,24,51.879356384277344,0.004724740982055664,51321819.0,49.537559509277344,557399,1
StandardGSGP,79830570-3728-11f0-ac89-f89e941a2f2f,sustavianfeed,1111,25,51.879356384277344,0.0048656463623046875,99770777.0,49.537559509277344,557399,1
StandardGSGP,79830570-3728-11f0-ac89-f89e941a2f2f,sustavianfeed,1111,26,51.81255340576172,0.005131959915161133,164907611.0,49.47275161743164,3186871,1
StandardGSGP,79830570-3728-11f0-ac89-f89e941a2f2f,sustavianfeed,1111,27,51.81255340576172,0.005123138427734375,247184661.0,49.47275161743164,3186871,1
StandardGSGP,79830570-3728-11f0-ac89-f89e941a2f2f,sustavianfeed,1111,28,51.81255340576172,0.005056858062744141,450874025.0,49.47275161743164,3186871,1
StandardGSGP,79830570-3728-11f0-ac89-f89e941a2f2f,sustavianfeed,1111,29,51.81255340576172,0.004851102828979492,750541599.0,49.47275161743164,3186871,1
StandardGSGP,79830570-3728-11f0-ac89-f89e941a2f2f,sustavianfeed,1111,30,51.788333892822266,0.00551915168762207,1284066035.0,49.447574615478516,36087145,1
StandardGSGP,79830570-3728-11f0-ac89-f89e941a2f2f,sustavianfeed,1111,31,51.788333892822266,0.0053348541259765625,2537646681.0,49.447574615478516,36087145,1
StandardGSGP,79830570-3728-11f0-ac89-f89e941a2f2f,sustavianfeed,1111,32,51.73289108276367,0.004896402359008789,4457971219.0,49.39313888549805,120016069,1
StandardGSGP,79830570-3728-11f0-ac89-f89e941a2f2f,sustavianfeed,1111,33,51.73289108276367,0.004600048065185547,8307791411.0,49.39313888549805,120016069,1
StandardGSGP,79830570-3728-11f0-ac89-f89e941a2f2f,sustavianfeed,1111,34,51.73289108276367,0.005009174346923828,13011090675.0,49.39313888549805,120016069,1
StandardGSGP,79830570-3728-11f0-ac89-f89e941a2f2f,sustavianfeed,1111,35,51.73289108276367,0.005106210708618164,22092857179.0,49.39313888549805,120016069,1
StandardGSGP,79830570-3728-11f0-ac89-f89e941a2f2f,sustavianfeed,1111,36,51.7021369934082,0.004830598831176758,38791625409.0,49.36252975463867,687144227,1
StandardGSGP,79830570-3728-11f0-ac89-f89e941a2f2f,sustavianfeed,1111,37,51.7021369934082,0.004572391510009766,71006790857.0,49.36252975463867,687144227,1
StandardGSGP,79830570-3728-11f0-ac89-f89e941a2f2f,sustavianfeed,1111,38,51.677486419677734,0.005120038986206055,112966254519.0,49.337982177734375,2513059721,1
StandardGSGP,79830570-3728-11f0-ac89-f89e941a2f2f,sustavianfeed,1111,39,51.658233642578125,0.005057096481323242,146417799963.0,49.318817138671875,6652444993,1
StandardGSGP,79830570-3728-11f0-ac89-f89e941a2f2f,sustavianfeed,1111,40,51.658233642578125,0.004774570465087891,232963556475.0,49.318817138671875,6652444993,1
StandardGSGP,79830570-3728-11f0-ac89-f89e941a2f2f,sustavianfeed,1111,41,51.658233642578125,0.004932403564453125,462333795139.0,49.318817138671875,6652444993,1
StandardGSGP,79830570-3728-11f0-ac89-f89e941a2f2f,sustavianfeed,1111,42,51.60547637939453,0.004839420318603516,843391692167.0,49.26631546020508,17312254285,1
StandardGSGP,79830570-3728-11f0-ac89-f89e941a2f2f,sustavianfeed,1111,43,51.60547637939453,0.004943370819091797,1461121625877.0,49.26631546020508,17312254285,1
StandardGSGP,79830570-3728-11f0-ac89-f89e941a2f2f,sustavianfeed,1111,44,51.60547637939453,0.005016326904296875,2770968647645.0,49.26631546020508,17312254285,1
StandardGSGP,79830570-3728-11f0-ac89-f89e941a2f2f,sustavianfeed,1111,45,51.60547637939453,0.005420207977294922,4483698039057.0,49.26631546020508,17312254285,1
StandardGSGP,79830570-3728-11f0-ac89-f89e941a2f2f,sustavianfeed,1111,46,51.57709503173828,0.005623817443847656,7162321276801.0,49.23807144165039,134932545683,1
StandardGSGP,79830570-3728-11f0-ac89-f89e941a2f2f,sustavianfeed,1111,47,51.52536392211914,0.005662202835083008,11052343608609.0,49.186424255371094,392476066825,1
StandardGSGP,79830570-3728-11f0-ac89-f89e941a2f2f,sustavianfeed,1111,48,51.51334762573242,0.005129337310791016,17651787298031.0,49.17446517944336,392476066831,1
StandardGSGP,79830570-3728-11f0-ac89-f89e941a2f2f,sustavianfeed,1111,49,51.4521598815918,0.005822896957397461,25129859718255.0,49.11357116699219,906992726311,1
StandardGSGP,79830570-3728-11f0-ac89-f89e941a2f2f,sustavianfeed,1111,50,51.4521598815918,0.004647493362426758,47331516643925.0,49.11357116699219,906992726311,1
StandardGSGP,79830570-3728-11f0-ac89-f89e941a2f2f,sustavianfeed,1111,51,51.399269104003906,0.0052013397216796875,76458314826133.0,49.06092834472656,1609732268599,1
StandardGSGP,79830570-3728-11f0-ac89-f89e941a2f2f,sustavianfeed,1111,52,51.33072280883789,0.005324602127075195,132324087076449.0,48.99271011352539,906992726327,1
StandardGSGP,79830570-3728-11f0-ac89-f89e941a2f2f,sustavianfeed,1111,53,51.28561019897461,0.004828929901123047,187271251492095.0,48.946834564208984,906992726333,1
StandardGSGP,79830570-3728-11f0-ac89-f89e941a2f2f,sustavianfeed,1111,54,51.28561019897461,0.00502777099609375,262097691279281.0,48.946834564208984,906992726333,1
StandardGSGP,79830570-3728-11f0-ac89-f89e941a2f2f,sustavianfeed,1111,55,51.28561019897461,0.005435466766357422,441949798319059.0,48.946834564208984,906992726333,1
StandardGSGP,79830570-3728-11f0-ac89-f89e941a2f2f,sustavianfeed,1111,56,51.16208267211914,0.005974531173706055,688986664112259.0,48.82390213012695,906992726339,1
StandardGSGP,79830570-3728-11f0-ac89-f89e941a2f2f,sustavianfeed,1111,57,51.16208267211914,0.004846334457397461,1002488149218729.0,48.82390213012695,906992726339,1
StandardGSGP,79830570-3728-11f0-ac89-f89e941a2f2f,sustavianfeed,1111,58,51.16208267211914,0.005018711090087891,1453878655925719.0,48.82390213012695,906992726339,1
StandardGSGP,79830570-3728-11f0-ac89-f89e941a2f2f,sustavianfeed,1111,59,51.16208267211914,0.005229949951171875,2383972887010663.0,48.82390213012695,906992726339,1
StandardGSGP,79830570-3728-11f0-ac89-f89e941a2f2f,sustavianfeed,1111,60,51.141788482666016,0.0045049190521240234,4059128635635819.0,48.803707122802734,33624991196261,1
StandardGSGP,79830570-3728-11f0-ac89-f89e941a2f2f,sustavianfeed,1111,61,51.141788482666016,0.005171775817871094,5841576001371697.0,48.803707122802734,33624991196261,1
StandardGSGP,79830570-3728-11f0-ac89-f89e941a2f2f,sustavianfeed,1111,62,51.0904655456543,0.004734992980957031,8040656962716787.0,48.75263595581055,178220262549163,1
StandardGSGP,79830570-3728-11f0-ac89-f89e941a2f2f,sustavianfeed,1111,63,51.0904655456543,0.004820108413696289,1.5653144770203144e+16,48.75263595581055,178220262549163,1
StandardGSGP,79830570-3728-11f0-ac89-f89e941a2f2f,sustavianfeed,1111,64,51.081844329833984,0.0051043033599853516,2.449537642793406e+16,48.744049072265625,33624991196273,1
StandardGSGP,79830570-3728-11f0-ac89-f89e941a2f2f,sustavianfeed,1111,65,51.033164978027344,0.005045652389526367,3.857726044213373e+16,48.69613265991211,178220262549179,1
StandardGSGP,79830570-3728-11f0-ac89-f89e941a2f2f,sustavianfeed,1111,66,51.033164978027344,0.005298614501953125,6.051748166220704e+16,48.69613265991211,178220262549179,1
StandardGSGP,79830570-3728-11f0-ac89-f89e941a2f2f,sustavianfeed,1111,67,51.033119201660156,0.005154848098754883,7.584790323403864e+16,48.696109771728516,178220262549187,1
StandardGSGP,79830570-3728-11f0-ac89-f89e941a2f2f,sustavianfeed,1111,68,51.00737762451172,0.004950046539306641,1.2306314831528062e+17,48.670711517333984,2392988573544457,1
StandardGSGP,79830570-3728-11f0-ac89-f89e941a2f2f,sustavianfeed,1111,69,50.99803161621094,0.005419492721557617,1.9474574879963587e+17,48.66191101074219,4785977147088881,1
StandardGSGP,79830570-3728-11f0-ac89-f89e941a2f2f,sustavianfeed,1111,70,50.99803161621094,0.0047113895416259766,3.270895470498277e+17,48.66191101074219,4785977147088881,1
StandardGSGP,79830570-3728-11f0-ac89-f89e941a2f2f,sustavianfeed,1111,71,50.99803161621094,0.004800081253051758,5.348142048489605e+17,48.66191101074219,4785977147088881,1
StandardGSGP,79830570-3728-11f0-ac89-f89e941a2f2f,sustavianfeed,1111,72,50.9492073059082,0.005521535873413086,8.202573245098963e+17,48.61296463012695,26826918093742487,1
StandardGSGP,79830570-3728-11f0-ac89-f89e941a2f2f,sustavianfeed,1111,73,50.9492073059082,0.00485539436340332,1.5830283277055834e+18,48.61296463012695,26826918093742487,1
StandardGSGP,79830570-3728-11f0-ac89-f89e941a2f2f,sustavianfeed,1111,74,50.924339294433594,0.005339145660400391,2.8080066901299364e+18,48.58797073364258,78514739538650785,1
StandardGSGP,79830570-3728-11f0-ac89-f89e941a2f2f,sustavianfeed,1111,75,50.924339294433594,0.005338907241821289,4.85313569506825e+18,48.58797073364258,78514739538650785,1
StandardGSGP,79830570-3728-11f0-ac89-f89e941a2f2f,sustavianfeed,1111,76,50.924339294433594,0.0049860477447509766,7.74493168611e+18,48.58797073364258,78514739538650785,1
StandardGSGP,79830570-3728-11f0-ac89-f89e941a2f2f,sustavianfeed,1111,77,50.85737609863281,0.005179405212402344,1.4015212703624378e+19,48.52180099487305,311379121712742145,1
StandardGSGP,79830570-3728-11f0-ac89-f89e941a2f2f,sustavianfeed,1111,78,50.85737609863281,0.005591630935668945,2.341143718999522e+19,48.52180099487305,311379121712742145,1
StandardGSGP,79830570-3728-11f0-ac89-f89e941a2f2f,sustavianfeed,1111,79,50.82244110107422,0.005562782287597656,3.752818009180276e+19,48.48697280883789,742804755689148101,1
StandardGSGP,79830570-3728-11f0-ac89-f89e941a2f2f,sustavianfeed,1111,80,50.82244110107422,0.005309581756591797,6.890958144936423e+19,48.48697280883789,742804755689148101,1
StandardGSGP,79830570-3728-11f0-ac89-f89e941a2f2f,sustavianfeed,1111,81,50.79774856567383,0.00563359260559082,1.0921842272967403e+20,48.462467193603516,4051457235474020243,1
StandardGSGP,79830570-3728-11f0-ac89-f89e941a2f2f,sustavianfeed,1111,82,50.79774856567383,0.0057523250579833984,1.8821075214889828e+20,48.462467193603516,4051457235474020243,1
StandardGSGP,79830570-3728-11f0-ac89-f89e941a2f2f,sustavianfeed,1111,83,50.77651596069336,0.005533456802368164,3.2586252147843485e+20,48.44127655029297,5044696481674759991,1
StandardGSGP,79830570-3728-11f0-ac89-f89e941a2f2f,sustavianfeed,1111,84,50.76039123535156,0.005035400390625,5.8647037037840355e+20,48.42527389526367,13088522136329365789,1
StandardGSGP,79830570-3728-11f0-ac89-f89e941a2f2f,sustavianfeed,1111,85,50.639259338378906,0.005722761154174805,8.574127606148771e+20,48.30475616455078,35019578756224442061,1
StandardGSGP,79830570-3728-11f0-ac89-f89e941a2f2f,sustavianfeed,1111,86,50.639259338378906,0.006145954132080078,1.5233035567491535e+21,48.30475616455078,35019578756224442061,1
StandardGSGP,79830570-3728-11f0-ac89-f89e941a2f2f,sustavianfeed,1111,87,50.606563568115234,0.005716562271118164,2.5226241981695934e+21,48.27222442626953,35019578756224442067,1
StandardGSGP,79830570-3728-11f0-ac89-f89e941a2f2f,sustavianfeed,1111,88,50.571651458740234,0.005319118499755859,4.276542757110387e+21,48.237430572509766,35019578756224442067,1
StandardGSGP,79830570-3728-11f0-ac89-f89e941a2f2f,sustavianfeed,1111,89,50.571651458740234,0.00574946403503418,6.754963402376793e+21,48.237430572509766,35019578756224442067,1
StandardGSGP,79830570-3728-11f0-ac89-f89e941a2f2f,sustavianfeed,1111,90,50.571651458740234,0.005370140075683594,9.690111366328788e+21,48.237430572509766,35019578756224442067,1
StandardGSGP,79830570-3728-11f0-ac89-f89e941a2f2f,sustavianfeed,1111,91,50.571651458740234,0.006391286849975586,1.4121223812412504e+22,48.237430572509766,35019578756224442067,1
StandardGSGP,79830570-3728-11f0-ac89-f89e941a2f2f,sustavianfeed,1111,92,50.55241394042969,0.00553441047668457,2.3230817533959705e+22,48.218074798583984,133745334913096147821,1
StandardGSGP,79830570-3728-11f0-ac89-f89e941a2f2f,sustavianfeed,1111,93,50.51877975463867,0.00537562370300293,3.59151598608686e+22,48.184608459472656,682852356553763608697,1
StandardGSGP,79830570-3728-11f0-ac89-f89e941a2f2f,sustavianfeed,1111,94,50.51877975463867,0.005477428436279297,5.640798438998737e+22,48.184608459472656,682852356553763608697,1
StandardGSGP,79830570-3728-11f0-ac89-f89e941a2f2f,sustavianfeed,1111,95,50.471839904785156,0.005227088928222656,9.335416885059642e+22,48.137901306152344,682852356553763608707,1
StandardGSGP,79830570-3728-11f0-ac89-f89e941a2f2f,sustavianfeed,1111,96,50.471839904785156,0.005024909973144531,1.2463747632351404e+23,48.137901306152344,682852356553763608707,1
StandardGSGP,79830570-3728-11f0-ac89-f89e941a2f2f,sustavianfeed,1111,97,50.442665100097656,0.005323171615600586,1.9091067198036325e+23,48.10889434814453,3943763378748277864499,1
StandardGSGP,79830570-3728-11f0-ac89-f89e941a2f2f,sustavianfeed,1111,98,50.442665100097656,0.005557060241699219,2.4723750682312125e+23,48.10889434814453,3943763378748277864499,1
StandardGSGP,79830570-3728-11f0-ac89-f89e941a2f2f,sustavianfeed,1111,99,50.41005325317383,0.004980325698852539,3.988460430851183e+23,48.076419830322266,8095654818115836648297,1
StandardGSGP,79830570-3728-11f0-ac89-f89e941a2f2f,sustavianfeed,1111,100,50.41005325317383,0.005757331848144531,6.567939035257749e+23,48.076419830322266,8095654818115836648297,1
StandardGSGP,79d83e6e-3728-11f0-ac89-f89e941a2f2f,sustavianfeed,1111,0,52.40753936767578,0.0024521350860595703,81.0,50.06377410888672,3,1
StandardGSGP,79d83e6e-3728-11f0-ac89-f89e941a2f2f,sustavianfeed,1111,1,52.40753936767578,0.00567626953125,411.0,50.06377410888672,3,1
StandardGSGP,79d83e6e-3728-11f0-ac89-f89e941a2f2f,sustavianfeed,1111,2,52.40753936767578,0.005263566970825195,1007.0,50.06377410888672,3,1
StandardGSGP,79d83e6e-3728-11f0-ac89-f89e941a2f2f,sustavianfeed,1111,3,52.37308120727539,0.004994869232177734,2001.0,50.02981185913086,43,1
StandardGSGP,79d83e6e-3728-11f0-ac89-f89e941a2f2f,sustavianfeed,1111,4,52.37308120727539,0.005239248275756836,3687.0,50.02981185913086,43,1
StandardGSGP,79d83e6e-3728-11f0-ac89-f89e941a2f2f,sustavianfeed,1111,5,52.28995895385742,0.005104780197143555,6621.0,49.94694900512695,201,1
StandardGSGP,79d83e6e-3728-11f0-ac89-f89e941a2f2f,sustavianfeed,1111,6,52.28995895385742,0.005042314529418945,12675.0,49.94694900512695,201,1
StandardGSGP,79d83e6e-3728-11f0-ac89-f89e941a2f2f,sustavianfeed,1111,7,52.27691650390625,0.005296468734741211,18171.0,49.933963775634766,207,1
StandardGSGP,79d83e6e-3728-11f0-ac89-f89e941a2f2f,sustavianfeed,1111,8,52.224456787109375,0.005135297775268555,27843.0,49.881813049316406,691,1
StandardGSGP,79d83e6e-3728-11f0-ac89-f89e941a2f2f,sustavianfeed,1111,9,52.09779357910156,0.0052394866943359375,38513.0,49.75566864013672,213,1
StandardGSGP,79d83e6e-3728-11f0-ac89-f89e941a2f2f,sustavianfeed,1111,10,52.09779357910156,0.0047490596771240234,64533.0,49.75566864013672,213,1
StandardGSGP,79d83e6e-3728-11f0-ac89-f89e941a2f2f,sustavianfeed,1111,11,52.09779357910156,0.00500798225402832,95797.0,49.75566864013672,213,1
StandardGSGP,79d83e6e-3728-11f0-ac89-f89e941a2f2f,sustavianfeed,1111,12,52.09779357910156,0.005563259124755859,151701.0,49.75566864013672,213,1
StandardGSGP,79d83e6e-3728-11f0-ac89-f89e941a2f2f,sustavianfeed,1111,13,52.04242706298828,0.004997968673706055,247159.0,49.69980239868164,3299,1
StandardGSGP,79d83e6e-3728-11f0-ac89-f89e941a2f2f,sustavianfeed,1111,14,52.04242706298828,0.005015850067138672,409353.0,49.69980239868164,3299,1
StandardGSGP,79d83e6e-3728-11f0-ac89-f89e941a2f2f,sustavianfeed,1111,15,52.04242706298828,0.005222320556640625,605815.0,49.69980239868164,3299,1
StandardGSGP,79d83e6e-3728-11f0-ac89-f89e941a2f2f,sustavianfeed,1111,16,52.01092529296875,0.005202054977416992,1006365.0,49.66844940185547,3309,1
StandardGSGP,79d83e6e-3728-11f0-ac89-f89e941a2f2f,sustavianfeed,1111,17,52.00271224975586,0.0056438446044921875,1442271.0,49.660274505615234,3305,1
StandardGSGP,79d83e6e-3728-11f0-ac89-f89e941a2f2f,sustavianfeed,1111,18,52.00271224975586,0.005087852478027344,2742659.0,49.660274505615234,3305,1
StandardGSGP,79d83e6e-3728-11f0-ac89-f89e941a2f2f,sustavianfeed,1111,19,52.00271224975586,0.004803180694580078,3860879.0,49.660274505615234,3305,1
StandardGSGP,79d83e6e-3728-11f0-ac89-f89e941a2f2f,sustavianfeed,1111,20,51.92381286621094,0.005202531814575195,7206871.0,49.58174514770508,221651,1
StandardGSGP,79d83e6e-3728-11f0-ac89-f89e941a2f2f,sustavianfeed,1111,21,51.92381286621094,0.004839897155761719,11689067.0,49.58174514770508,221651,1
StandardGSGP,79d83e6e-3728-11f0-ac89-f89e941a2f2f,sustavianfeed,1111,22,51.849754333496094,0.006057262420654297,17501193.0,49.508033752441406,557391,1
StandardGSGP,79d83e6e-3728-11f0-ac89-f89e941a2f2f,sustavianfeed,1111,23,51.849754333496094,0.005236387252807617,26382279.0,49.508033752441406,557391,1
StandardGSGP,79d83e6e-3728-11f0-ac89-f89e941a2f2f,sustavianfeed,1111,24,51.78105163574219,0.005532264709472656,50033331.0,49.439659118652344,557399,1
StandardGSGP,79d83e6e-3728-11f0-ac89-f89e941a2f2f,sustavianfeed,1111,25,51.78105163574219,0.004700899124145508,97492711.0,49.439659118652344,557399,1
StandardGSGP,79d83e6e-3728-11f0-ac89-f89e941a2f2f,sustavianfeed,1111,26,51.70073318481445,0.005499362945556641,161561063.0,49.3617057800293,3159601,1
StandardGSGP,79d83e6e-3728-11f0-ac89-f89e941a2f2f,sustavianfeed,1111,27,51.70073318481445,0.0053555965423583984,241929419.0,49.3617057800293,3159601,1
StandardGSGP,79d83e6e-3728-11f0-ac89-f89e941a2f2f,sustavianfeed,1111,28,51.70073318481445,0.004830837249755859,442485265.0,49.3617057800293,3159601,1
StandardGSGP,79d83e6e-3728-11f0-ac89-f89e941a2f2f,sustavianfeed,1111,29,51.70073318481445,0.005120038986206055,739237015.0,49.3617057800293,3159601,1
StandardGSGP,79d83e6e-3728-11f0-ac89-f89e941a2f2f,sustavianfeed,1111,30,51.67256546020508,0.005511283874511719,1265825631.0,49.33238983154297,35306545,1
StandardGSGP,79d83e6e-3728-11f0-ac89-f89e941a2f2f,sustavianfeed,1111,31,51.67256546020508,0.0049326419830322266,2501517833.0,49.33238983154297,35306545,1
StandardGSGP,79d83e6e-3728-11f0-ac89-f89e941a2f2f,sustavianfeed,1111,32,51.60917282104492,0.005360126495361328,4377040705.0,49.27018737792969,118486695,1
StandardGSGP,79d83e6e-3728-11f0-ac89-f89e941a2f2f,sustavianfeed,1111,33,51.60917282104492,0.004351139068603516,8130519525.0,49.27018737792969,118486695,1
StandardGSGP,79d83e6e-3728-11f0-ac89-f89e941a2f2f,sustavianfeed,1111,34,51.60917282104492,0.00471949577331543,12757413759.0,49.27018737792969,118486695,1
StandardGSGP,79d83e6e-3728-11f0-ac89-f89e941a2f2f,sustavianfeed,1111,35,51.60917282104492,0.0045850276947021484,21736875833.0,49.27018737792969,118486695,1
StandardGSGP,79d83e6e-3728-11f0-ac89-f89e941a2f2f,sustavianfeed,1111,36,51.572174072265625,0.0050046443939208984,38324888465.0,49.23336410522461,676624349,1
StandardGSGP,79d83e6e-3728-11f0-ac89-f89e941a2f2f,sustavianfeed,1111,37,51.572174072265625,0.004446506500244141,70501938767.0,49.23336410522461,676624349,1
StandardGSGP,79d83e6e-3728-11f0-ac89-f89e941a2f2f,sustavianfeed,1111,38,51.548553466796875,0.00448918342590332,112564877547.0,49.20985412597656,2461950043,1
StandardGSGP,79d83e6e-3728-11f0-ac89-f89e941a2f2f,sustavianfeed,1111,39,51.522132873535156,0.004796028137207031,145401094319.0,49.183555603027344,6509478941,1
StandardGSGP,79d83e6e-3728-11f0-ac89-f89e941a2f2f,sustavianfeed,1111,40,51.522132873535156,0.004900217056274414,229522649607.0,49.183555603027344,6509478941,1
StandardGSGP,79d83e6e-3728-11f0-ac89-f89e941a2f2f,sustavianfeed,1111,41,51.522132873535156,0.004360675811767578,454171275089.0,49.183555603027344,6509478941,1
StandardGSGP,79d83e6e-3728-11f0-ac89-f89e941a2f2f,sustavianfeed,1111,42,51.45819091796875,0.0046079158782958984,827930530165.0,49.11992645263672,16952643373,1
StandardGSGP,79d83e6e-3728-11f0-ac89-f89e941a2f2f,sustavianfeed,1111,43,51.45819091796875,0.0046536922454833984,1446517346191.0,49.11992645263672,16952643373,1
StandardGSGP,79d83e6e-3728-11f0-ac89-f89e941a2f2f,sustavianfeed,1111,44,51.45819091796875,0.004926443099975586,2731208097071.0,49.11992645263672,16952643373,1
StandardGSGP,79d83e6e-3728-11f0-ac89-f89e941a2f2f,sustavianfeed,1111,45,51.45819091796875,0.004669189453125,4433932009621.0,49.11992645263672,16952643373,1
StandardGSGP,79d83e6e-3728-11f0-ac89-f89e941a2f2f,sustavianfeed,1111,46,51.426490783691406,0.004866361618041992,7071442740043.0,49.08837127685547,132215951325,1
StandardGSGP,79d83e6e-3728-11f0-ac89-f89e941a2f2f,sustavianfeed,1111,47,51.362918853759766,0.004899501800537109,10922879110877.0,49.02491760253906,397380906179,1
StandardGSGP,79d83e6e-3728-11f0-ac89-f89e941a2f2f,sustavianfeed,1111,48,51.34857940673828,0.004822492599487305,17467368856283.0,49.010643005371094,397380906185,1
StandardGSGP,79d83e6e-3728-11f0-ac89-f89e941a2f2f,sustavianfeed,1111,49,51.27964782714844,0.004717826843261719,24933947563675.0,48.94204330444336,901731452389,1
StandardGSGP,79d83e6e-3728-11f0-ac89-f89e941a2f2f,sustavianfeed,1111,50,51.27964782714844,0.004438638687133789,47112957765525.0,48.94204330444336,901731452389,1
StandardGSGP,79d83e6e-3728-11f0-ac89-f89e941a2f2f,sustavianfeed,1111,51,51.21876907348633,0.0050432682037353516,76115984480059.0,48.88145446777344,1603103437681,1
StandardGSGP,79d83e6e-3728-11f0-ac89-f89e941a2f2f,sustavianfeed,1111,52,51.13413619995117,0.004662752151489258,127484039324229.0,48.79723358154297,901731452405,1
StandardGSGP,79d83e6e-3728-11f0-ac89-f89e941a2f2f,sustavianfeed,1111,53,51.08563232421875,0.0047795772552490234,186306518704245.0,48.74790573120117,901731452411,1
StandardGSGP,79d83e6e-3728-11f0-ac89-f89e941a2f2f,sustavianfeed,1111,54,50.95632553100586,0.004637241363525391,287205193843691.0,48.619937896728516,901731452417,1
StandardGSGP,79d83e6e-3728-11f0-ac89-f89e941a2f2f,sustavianfeed,1111,55,50.95632553100586,0.004966259002685547,394407007057165.0,48.619937896728516,901731452417,1
StandardGSGP,79d83e6e-3728-11f0-ac89-f89e941a2f2f,sustavianfeed,1111,56,50.95632553100586,0.0057260990142822266,492569125663015.0,48.619937896728516,901731452417,1
StandardGSGP,79d83e6e-3728-11f0-ac89-f89e941a2f2f,sustavianfeed,1111,57,50.95632553100586,0.005165576934814453,700193572372809.0,48.619937896728516,901731452417,1
StandardGSGP,79d83e6e-3728-11f0-ac89-f89e941a2f2f,sustavianfeed,1111,58,50.948524475097656,0.005103111267089844,1026412092045531.0,48.61225509643555,36350118729179,1
StandardGSGP,79d83e6e-3728-11f0-ac89-f89e941a2f2f,sustavianfeed,1111,59,50.948524475097656,0.0051288604736328125,1652317455657999.0,48.61225509643555,36350118729179,1
StandardGSGP,79d83e6e-3728-11f0-ac89-f89e941a2f2f,sustavianfeed,1111,60,50.938758850097656,0.00490570068359375,2886391567994601.0,48.60245895385742,85102288302825,1
StandardGSGP,79d83e6e-3728-11f0-ac89-f89e941a2f2f,sustavianfeed,1111,61,50.938758850097656,0.005490541458129883,5724767964586313.0,48.60245895385742,85102288302825,1
StandardGSGP,79d83e6e-3728-11f0-ac89-f89e941a2f2f,sustavianfeed,1111,62,50.85905456542969,0.005942344665527344,1.0445387185854608e+16,48.52325439453125,232306226124423,1
StandardGSGP,79d83e6e-3728-11f0-ac89-f89e941a2f2f,sustavianfeed,1111,63,50.85905456542969,0.0047757625579833984,1.866396930706042e+16,48.52325439453125,232306226124423,1
StandardGSGP,79d83e6e-3728-11f0-ac89-f89e941a2f2f,sustavianfeed,1111,64,50.81264877319336,0.004823446273803711,3.174744727933817e+16,48.47702407836914,885014661388117,1
StandardGSGP,79d83e6e-3728-11f0-ac89-f89e941a2f2f,sustavianfeed,1111,65,50.81264877319336,0.004724979400634766,5.1279561206175896e+16,48.47702407836914,885014661388117,1
StandardGSGP,79d83e6e-3728-11f0-ac89-f89e941a2f2f,sustavianfeed,1111,66,50.81264877319336,0.004959583282470703,7.513244771949662e+16,48.47702407836914,885014661388117,1
StandardGSGP,79d83e6e-3728-11f0-ac89-f89e941a2f2f,sustavianfeed,1111,67,50.81264877319336,0.004741668701171875,1.2330821971661707e+17,48.47702407836914,885014661388117,1
StandardGSGP,79d83e6e-3728-11f0-ac89-f89e941a2f2f,sustavianfeed,1111,68,50.756439208984375,0.005063056945800781,2.1576559213878173e+17,48.41999435424805,4601370689972601,1
StandardGSGP,79d83e6e-3728-11f0-ac89-f89e941a2f2f,sustavianfeed,1111,69,50.756439208984375,0.0048258304595947266,3.791399114010261e+17,48.41999435424805,4601370689972601,1
StandardGSGP,79d83e6e-3728-11f0-ac89-f89e941a2f2f,sustavianfeed,1111,70,50.756439208984375,0.004732847213745117,6.814809311751329e+17,48.41999435424805,4601370689972601,1
StandardGSGP,79d83e6e-3728-11f0-ac89-f89e941a2f2f,sustavianfeed,1111,71,50.756439208984375,0.004156351089477539,1.0664461531229647e+18,48.41999435424805,4601370689972601,1
StandardGSGP,79d83e6e-3728-11f0-ac89-f89e941a2f2f,sustavianfeed,1111,72,50.73109436035156,0.004935741424560547,1.6410398029468595e+18,48.394775390625,30451842354302989,1
StandardGSGP,79d83e6e-3728-11f0-ac89-f89e941a2f2f,sustavianfeed,1111,73,50.635311126708984,0.0043032169342041016,2.654915157736806e+18,48.29963302612305,57369511313311963,1
StandardGSGP,79d83e6e-3728-11f0-ac89-f89e941a2f2f,sustavianfeed,1111,74,50.635311126708984,0.004544734954833984,5.070784391170946e+18,48.29963302612305,57369511313311963,1
StandardGSGP,79d83e6e-3728-11f0-ac89-f89e941a2f2f,sustavianfeed,1111,75,50.635311126708984,0.00474095344543457,8.680702286609735e+18,48.29963302612305,57369511313311963,1
StandardGSGP,79d83e6e-3728-11f0-ac89-f89e941a2f2f,sustavianfeed,1111,76,50.50452423095703,0.004590272903442383,1.3809162021721633e+19,48.16946029663086,328400502993610083,1
StandardGSGP,79d83e6e-3728-11f0-ac89-f89e941a2f2f,sustavianfeed,1111,77,50.50452423095703,0.004637956619262695,2.239218321236189e+19,48.16946029663086,328400502993610083,1
StandardGSGP,79d83e6e-3728-11f0-ac89-f89e941a2f2f,sustavianfeed,1111,78,50.47779083251953,0.004824161529541016,3.5017718301308203e+19,48.142852783203125,1083087671974362987,1
StandardGSGP,79d83e6e-3728-11f0-ac89-f89e941a2f2f,sustavianfeed,1111,79,50.47779083251953,0.004233837127685547,6.505410002738839e+19,48.142852783203125,1083087671974362987,1
StandardGSGP,79d83e6e-3728-11f0-ac89-f89e941a2f2f,sustavianfeed,1111,80,50.47779083251953,0.0045013427734375,1.174347585952996e+20,48.142852783203125,1083087671974362987,1
StandardGSGP,79d83e6e-3728-11f0-ac89-f89e941a2f2f,sustavianfeed,1111,81,50.47779083251953,0.004691123962402344,2.029791942994366e+20,48.142852783203125,1083087671974362987,1
StandardGSGP,79d83e6e-3728-11f0-ac89-f89e941a2f2f,sustavianfeed,1111,82,50.357330322265625,0.005002737045288086,3.160767165143934e+20,48.02375030517578,9677172016335135591,1
StandardGSGP,79d83e6e-3728-11f0-ac89-f89e941a2f2f,sustavianfeed,1111,83,50.357330322265625,0.0043642520904541016,6.037334605409105e+20,48.02375030517578,9677172016335135591,1
StandardGSGP,79d83e6e-3728-11f0-ac89-f89e941a2f2f,sustavianfeed,1111,84,50.357330322265625,0.0041615962982177734,1.1470398516919902e+21,48.02375030517578,9677172016335135591,1
StandardGSGP,79d83e6e-3728-11f0-ac89-f89e941a2f2f,sustavianfeed,1111,85,50.357330322265625,0.004881858825683594,2.0246401229338266e+21,48.02375030517578,9677172016335135591,1
StandardGSGP,79d83e6e-3728-11f0-ac89-f89e941a2f2f,sustavianfeed,1111,86,50.357330322265625,0.0047528743743896484,3.4163387546125525e+21,48.02375030517578,9677172016335135591,1
StandardGSGP,79d83e6e-3728-11f0-ac89-f89e941a2f2f,sustavianfeed,1111,87,50.29358673095703,0.004420280456542969,6.070713226035073e+21,47.9603271484375,9677172016335135597,1
StandardGSGP,79d83e6e-3728-11f0-ac89-f89e941a2f2f,sustavianfeed,1111,88,50.196205139160156,0.0046923160552978516,9.947109854253781e+21,47.863441467285156,175479529837286097327,1
StandardGSGP,79d83e6e-3728-11f0-ac89-f89e941a2f2f,sustavianfeed,1111,89,50.17189025878906,0.00464630126953125,1.448896796240106e+22,47.83924865722656,175479529837286097333,1
StandardGSGP,79d83e6e-3728-11f0-ac89-f89e941a2f2f,sustavianfeed,1111,90,50.17189025878906,0.004753828048706055,2.386161704099452e+22,47.83924865722656,175479529837286097333,1
StandardGSGP,79d83e6e-3728-11f0-ac89-f89e941a2f2f,sustavianfeed,1111,91,50.016231536865234,0.005224466323852539,4.046754722776226e+22,47.684383392333984,670594114608386417159,1
StandardGSGP,79d83e6e-3728-11f0-ac89-f89e941a2f2f,sustavianfeed,1111,92,50.016231536865234,0.004911899566650391,5.298154051440369e+22,47.684383392333984,670594114608386417159,1
StandardGSGP,79d83e6e-3728-11f0-ac89-f89e941a2f2f,sustavianfeed,1111,93,50.016231536865234,0.00506281852722168,7.512443953444859e+22,47.684383392333984,670594114608386417159,1
StandardGSGP,79d83e6e-3728-11f0-ac89-f89e941a2f2f,sustavianfeed,1111,94,49.983402252197266,0.00470280647277832,1.2463182629990355e+23,47.6517219543457,846073644445672514519,1
StandardGSGP,79d83e6e-3728-11f0-ac89-f89e941a2f2f,sustavianfeed,1111,95,49.983402252197266,0.004739284515380859,1.3425223725816864e+23,47.6517219543457,846073644445672514519,1
StandardGSGP,79d83e6e-3728-11f0-ac89-f89e941a2f2f,sustavianfeed,1111,96,49.97087860107422,0.005290031433105469,1.8752531443830587e+23,47.63926315307617,1692147288891345029055,1
StandardGSGP,79d83e6e-3728-11f0-ac89-f89e941a2f2f,sustavianfeed,1111,97,49.96326446533203,0.005080223083496094,2.810222638891605e+23,47.63164520263672,13243724701228188163455,1
StandardGSGP,79d83e6e-3728-11f0-ac89-f89e941a2f2f,sustavianfeed,1111,98,49.908790588378906,0.004775047302246094,4.369903541028628e+23,47.57749557495117,12677665717178150107527,1
StandardGSGP,79d83e6e-3728-11f0-ac89-f89e941a2f2f,sustavianfeed,1111,99,49.90874481201172,0.004778385162353516,6.041843765484857e+23,47.5774040222168,13243724701228188163461,1
StandardGSGP,79d83e6e-3728-11f0-ac89-f89e941a2f2f,sustavianfeed,1111,100,49.89453887939453,0.004719734191894531,9.731354356587474e+23,47.560630798339844,27896344439982230527389,1
StandardGSGP,7a288400-3728-11f0-ac89-f89e941a2f2f,sustavianfeed,1111,0,52.40753936767578,0.0021774768829345703,81.0,50.06377410888672,3,1
StandardGSGP,7a288400-3728-11f0-ac89-f89e941a2f2f,sustavianfeed,1111,1,52.40753936767578,0.005967378616333008,411.0,50.06377410888672,3,1
StandardGSGP,7a288400-3728-11f0-ac89-f89e941a2f2f,sustavianfeed,1111,2,52.40753936767578,0.006043672561645508,1007.0,50.06377410888672,3,1
StandardGSGP,7a288400-3728-11f0-ac89-f89e941a2f2f,sustavianfeed,1111,3,52.38045120239258,0.010473966598510742,2001.0,50.037166595458984,43,1
StandardGSGP,7a288400-3728-11f0-ac89-f89e941a2f2f,sustavianfeed,1111,4,52.38045120239258,0.00586247444152832,3687.0,50.037166595458984,43,1
StandardGSGP,7a288400-3728-11f0-ac89-f89e941a2f2f,sustavianfeed,1111,5,52.33435821533203,0.005685567855834961,6621.0,49.991092681884766,201,1
StandardGSGP,7a288400-3728-11f0-ac89-f89e941a2f2f,sustavianfeed,1111,6,52.33435821533203,0.005156278610229492,12675.0,49.991092681884766,201,1
StandardGSGP,7a288400-3728-11f0-ac89-f89e941a2f2f,sustavianfeed,1111,7,52.310298919677734,0.006069183349609375,18171.0,49.96714401245117,207,1
StandardGSGP,7a288400-3728-11f0-ac89-f89e941a2f2f,sustavianfeed,1111,8,52.28535079956055,0.005082607269287109,28339.0,49.942413330078125,691,1
StandardGSGP,7a288400-3728-11f0-ac89-f89e941a2f2f,sustavianfeed,1111,9,52.18564224243164,0.0058574676513671875,37901.0,49.84305953979492,213,1
