SLIM*ABS,cf1379e0-3726-11f0-8f04-f89e941a2f2f,sustavianfeed,1111,0,23.677398681640625,0.009444713592529297,280.0,17.286808013916016,3,1
SLIM*ABS,cf1379e0-3726-11f0-8f04-f89e941a2f2f,sustavianfeed,1111,1,18.821378707885742,0.008974552154541016,668.0,26.72747230529785,18,1
SLIM*ABS,cf1379e0-3726-11f0-8f04-f89e941a2f2f,sustavianfeed,1111,2,16.535158157348633,0.009202241897583008,856.0,13.349160194396973,18,1
SLIM*ABS,cf1379e0-3726-11f0-8f04-f89e941a2f2f,sustavianfeed,1111,3,16.19427490234375,0.009343862533569336,1176.0,14.171558380126953,18,1
SLIM*ABS,cf1379e0-3726-11f0-8f04-f89e941a2f2f,sustavianfeed,1111,4,16.19427490234375,0.009871482849121094,1326.0,14.171558380126953,18,1
SLIM*ABS,cf1379e0-3726-11f0-8f04-f89e941a2f2f,sustavianfeed,1111,5,16.19427490234375,0.009431123733520508,1790.0,14.171558380126953,18,1
SLIM*ABS,cf1379e0-3726-11f0-8f04-f89e941a2f2f,sustavianfeed,1111,6,16.173595428466797,0.009884834289550781,1978.0,14.316018104553223,37,1
SLIM*ABS,cf1379e0-3726-11f0-8f04-f89e941a2f2f,sustavianfeed,1111,7,16.173595428466797,0.011168718338012695,2384.0,14.316018104553223,37,1
SLIM*ABS,cf1379e0-3726-11f0-8f04-f89e941a2f2f,sustavianfeed,1111,8,16.173595428466797,0.008918523788452148,2065.0,14.316018104553223,37,1
SLIM*ABS,cf1379e0-3726-11f0-8f04-f89e941a2f2f,sustavianfeed,1111,9,16.173595428466797,0.008750200271606445,1700.0,14.316018104553223,37,1
SLIM*ABS,cf1379e0-3726-11f0-8f04-f89e941a2f2f,sustavianfeed,1111,10,16.173595428466797,0.008472919464111328,1322.0,14.316018104553223,37,1
SLIM*ABS,cf1379e0-3726-11f0-8f04-f89e941a2f2f,sustavianfeed,1111,11,16.08757781982422,0.009755373001098633,1929.0,14.305939674377441,48,1
SLIM*ABS,cf1379e0-3726-11f0-8f04-f89e941a2f2f,sustavianfeed,1111,12,15.914445877075195,0.010585546493530273,2170.0,18.89806365966797,33,1
SLIM*ABS,cf1379e0-3726-11f0-8f04-f89e941a2f2f,sustavianfeed,1111,13,15.914445877075195,0.009473323822021484,2593.0,18.89806365966797,33,1
SLIM*ABS,cf1379e0-3726-11f0-8f04-f89e941a2f2f,sustavianfeed,1111,14,15.914445877075195,0.01202535629272461,2452.0,18.89806365966797,33,1
SLIM*ABS,cf1379e0-3726-11f0-8f04-f89e941a2f2f,sustavianfeed,1111,15,15.642651557922363,0.01289987564086914,2653.0,16.934247970581055,48,1
SLIM*ABS,cf1379e0-3726-11f0-8f04-f89e941a2f2f,sustavianfeed,1111,16,15.642651557922363,0.012346744537353516,2351.0,16.934247970581055,48,1
SLIM*ABS,cf1379e0-3726-11f0-8f04-f89e941a2f2f,sustavianfeed,1111,17,15.640259742736816,0.009908437728881836,2654.0,17.08770751953125,48,1
SLIM*ABS,cf1379e0-3726-11f0-8f04-f89e941a2f2f,sustavianfeed,1111,18,15.640259742736816,0.008524179458618164,2569.0,17.08770751953125,48,1
SLIM*ABS,cf1379e0-3726-11f0-8f04-f89e941a2f2f,sustavianfeed,1111,19,15.640259742736816,0.00830984115600586,2048.0,17.08770751953125,48,1
SLIM*ABS,cf1379e0-3726-11f0-8f04-f89e941a2f2f,sustavianfeed,1111,20,15.640259742736816,0.010715961456298828,2010.0,17.08770751953125,48,1
SLIM*ABS,cf1379e0-3726-11f0-8f04-f89e941a2f2f,sustavianfeed,1111,21,15.640259742736816,0.008460283279418945,2017.0,17.08770751953125,48,1
SLIM*ABS,cf1379e0-3726-11f0-8f04-f89e941a2f2f,sustavianfeed,1111,22,15.640259742736816,0.0078012943267822266,1780.0,17.08770751953125,48,1
SLIM*ABS,cf1379e0-3726-11f0-8f04-f89e941a2f2f,sustavianfeed,1111,23,15.563217163085938,0.00917673110961914,2399.0,16.424400329589844,35,1
SLIM*ABS,cf1379e0-3726-11f0-8f04-f89e941a2f2f,sustavianfeed,1111,24,15.563217163085938,0.009248495101928711,2479.0,16.424400329589844,35,1
SLIM*ABS,cf1379e0-3726-11f0-8f04-f89e941a2f2f,sustavianfeed,1111,25,15.553393363952637,0.009932279586791992,2557.0,16.521760940551758,50,1
SLIM*ABS,cf1379e0-3726-11f0-8f04-f89e941a2f2f,sustavianfeed,1111,26,15.553393363952637,0.009831666946411133,2814.0,16.521760940551758,50,1
SLIM*ABS,cf1379e0-3726-11f0-8f04-f89e941a2f2f,sustavianfeed,1111,27,15.553393363952637,0.009944438934326172,2759.0,16.521760940551758,50,1
SLIM*ABS,cf1379e0-3726-11f0-8f04-f89e941a2f2f,sustavianfeed,1111,28,15.553393363952637,0.009490489959716797,2371.0,16.521760940551758,50,1
SLIM*ABS,cf1379e0-3726-11f0-8f04-f89e941a2f2f,sustavianfeed,1111,29,15.553393363952637,0.009117603302001953,1857.0,16.521760940551758,50,1
SLIM*ABS,cf1379e0-3726-11f0-8f04-f89e941a2f2f,sustavianfeed,1111,30,15.552438735961914,0.0086669921875,2488.0,17.260040283203125,50,1
SLIM*ABS,cf1379e0-3726-11f0-8f04-f89e941a2f2f,sustavianfeed,1111,31,15.545735359191895,0.009854316711425781,2993.0,16.625539779663086,50,1
SLIM*ABS,cf1379e0-3726-11f0-8f04-f89e941a2f2f,sustavianfeed,1111,32,15.545735359191895,0.009893178939819336,2997.0,16.625539779663086,50,1
SLIM*ABS,cf1379e0-3726-11f0-8f04-f89e941a2f2f,sustavianfeed,1111,33,15.545735359191895,0.009727716445922852,2969.0,16.625539779663086,50,1
SLIM*ABS,cf1379e0-3726-11f0-8f04-f89e941a2f2f,sustavianfeed,1111,34,15.545735359191895,0.007505655288696289,3326.0,16.625539779663086,50,1
SLIM*ABS,cf1379e0-3726-11f0-8f04-f89e941a2f2f,sustavianfeed,1111,35,15.545735359191895,0.008277416229248047,4679.0,16.625539779663086,50,1
SLIM*ABS,cf1379e0-3726-11f0-8f04-f89e941a2f2f,sustavianfeed,1111,36,15.540587425231934,0.008617639541625977,4770.0,16.735233306884766,65,1
SLIM*ABS,cf1379e0-3726-11f0-8f04-f89e941a2f2f,sustavianfeed,1111,37,15.540587425231934,0.009531021118164062,4102.0,16.735233306884766,65,1
SLIM*ABS,cf1379e0-3726-11f0-8f04-f89e941a2f2f,sustavianfeed,1111,38,15.540587425231934,0.00885462760925293,4625.0,16.735233306884766,65,1
SLIM*ABS,cf1379e0-3726-11f0-8f04-f89e941a2f2f,sustavianfeed,1111,39,15.540587425231934,0.010415315628051758,4597.0,16.735233306884766,65,1
SLIM*ABS,cf1379e0-3726-11f0-8f04-f89e941a2f2f,sustavianfeed,1111,40,15.540587425231934,0.00961756706237793,4079.0,16.735233306884766,65,1
SLIM*ABS,cf1379e0-3726-11f0-8f04-f89e941a2f2f,sustavianfeed,1111,41,15.540587425231934,0.010014057159423828,3913.0,16.735233306884766,65,1
SLIM*ABS,cf1379e0-3726-11f0-8f04-f89e941a2f2f,sustavianfeed,1111,42,15.540587425231934,0.010319948196411133,3547.0,16.735233306884766,65,1
SLIM*ABS,cf1379e0-3726-11f0-8f04-f89e941a2f2f,sustavianfeed,1111,43,15.540587425231934,0.009656906127929688,2802.0,16.735233306884766,65,1
SLIM*ABS,cf1379e0-3726-11f0-8f04-f89e941a2f2f,sustavianfeed,1111,44,15.540056228637695,0.00948476791381836,2527.0,17.02022933959961,50,1
SLIM*ABS,cf1379e0-3726-11f0-8f04-f89e941a2f2f,sustavianfeed,1111,45,15.540056228637695,0.009069681167602539,2543.0,17.02022933959961,50,1
SLIM*ABS,cf1379e0-3726-11f0-8f04-f89e941a2f2f,sustavianfeed,1111,46,15.540056228637695,0.0094146728515625,2330.0,17.02022933959961,50,1
SLIM*ABS,cf1379e0-3726-11f0-8f04-f89e941a2f2f,sustavianfeed,1111,47,15.538273811340332,0.010328531265258789,2415.0,16.92386817932129,50,1
SLIM*ABS,cf1379e0-3726-11f0-8f04-f89e941a2f2f,sustavianfeed,1111,48,15.538273811340332,0.010224103927612305,2712.0,16.92386817932129,50,1
SLIM*ABS,cf1379e0-3726-11f0-8f04-f89e941a2f2f,sustavianfeed,1111,49,15.538273811340332,0.009800195693969727,2637.0,16.92386817932129,50,1
SLIM*ABS,cf1379e0-3726-11f0-8f04-f89e941a2f2f,sustavianfeed,1111,50,15.538273811340332,0.00954294204711914,2463.0,16.92386817932129,50,1
SLIM*ABS,cf1379e0-3726-11f0-8f04-f89e941a2f2f,sustavianfeed,1111,51,15.538273811340332,0.007487773895263672,2589.0,16.92386817932129,50,1
SLIM*ABS,cf1379e0-3726-11f0-8f04-f89e941a2f2f,sustavianfeed,1111,52,15.538273811340332,0.009418725967407227,2326.0,16.92386817932129,50,1
SLIM*ABS,cf1379e0-3726-11f0-8f04-f89e941a2f2f,sustavianfeed,1111,53,15.538273811340332,0.00827932357788086,2329.0,16.92386817932129,50,1
SLIM*ABS,cf1379e0-3726-11f0-8f04-f89e941a2f2f,sustavianfeed,1111,54,15.538273811340332,0.009402036666870117,2445.0,16.92386817932129,50,1
SLIM*ABS,cf1379e0-3726-11f0-8f04-f89e941a2f2f,sustavianfeed,1111,55,15.538273811340332,0.009241342544555664,2494.0,16.92386817932129,50,1
SLIM*ABS,cf1379e0-3726-11f0-8f04-f89e941a2f2f,sustavianfeed,1111,56,15.535689353942871,0.01052713394165039,2223.0,16.865863800048828,52,1
SLIM*ABS,cf1379e0-3726-11f0-8f04-f89e941a2f2f,sustavianfeed,1111,57,15.535689353942871,0.01124715805053711,2630.0,16.865863800048828,52,1
SLIM*ABS,cf1379e0-3726-11f0-8f04-f89e941a2f2f,sustavianfeed,1111,58,15.535689353942871,0.009785652160644531,2458.0,16.865863800048828,52,1
SLIM*ABS,cf1379e0-3726-11f0-8f04-f89e941a2f2f,sustavianfeed,1111,59,15.535689353942871,0.00883030891418457,2537.0,16.865863800048828,52,1
SLIM*ABS,cf1379e0-3726-11f0-8f04-f89e941a2f2f,sustavianfeed,1111,60,15.535689353942871,0.010955810546875,3032.0,16.865863800048828,52,1
SLIM*ABS,cf1379e0-3726-11f0-8f04-f89e941a2f2f,sustavianfeed,1111,61,15.535689353942871,0.009441614151000977,3054.0,16.865863800048828,52,1
SLIM*ABS,cf1379e0-3726-11f0-8f04-f89e941a2f2f,sustavianfeed,1111,62,15.535689353942871,0.009376764297485352,2977.0,16.865863800048828,52,1
SLIM*ABS,cf1379e0-3726-11f0-8f04-f89e941a2f2f,sustavianfeed,1111,63,15.535689353942871,0.00878000259399414,3042.0,16.865863800048828,52,1
SLIM*ABS,cf1379e0-3726-11f0-8f04-f89e941a2f2f,sustavianfeed,1111,64,15.535689353942871,0.009620428085327148,2973.0,16.865863800048828,52,1
SLIM*ABS,cf1379e0-3726-11f0-8f04-f89e941a2f2f,sustavianfeed,1111,65,15.535689353942871,0.00988006591796875,2871.0,16.865863800048828,52,1
SLIM*ABS,cf1379e0-3726-11f0-8f04-f89e941a2f2f,sustavianfeed,1111,66,15.535689353942871,0.00866246223449707,2607.0,16.865863800048828,52,1
SLIM*ABS,cf1379e0-3726-11f0-8f04-f89e941a2f2f,sustavianfeed,1111,67,15.535689353942871,0.008231639862060547,2941.0,16.865863800048828,52,1
SLIM*ABS,cf1379e0-3726-11f0-8f04-f89e941a2f2f,sustavianfeed,1111,68,15.535689353942871,0.007286548614501953,4293.0,16.865863800048828,52,1
SLIM*ABS,cf1379e0-3726-11f0-8f04-f89e941a2f2f,sustavianfeed,1111,69,15.535689353942871,0.007434368133544922,5072.0,16.865863800048828,52,1
SLIM*ABS,cf1379e0-3726-11f0-8f04-f89e941a2f2f,sustavianfeed,1111,70,15.535689353942871,0.0067365169525146484,4820.0,16.865863800048828,52,1
SLIM*ABS,cf1379e0-3726-11f0-8f04-f89e941a2f2f,sustavianfeed,1111,71,15.535689353942871,0.007083892822265625,5222.0,16.865863800048828,52,1
SLIM*ABS,cf1379e0-3726-11f0-8f04-f89e941a2f2f,sustavianfeed,1111,72,15.535689353942871,0.00755000114440918,5322.0,16.865863800048828,52,1
SLIM*ABS,cf1379e0-3726-11f0-8f04-f89e941a2f2f,sustavianfeed,1111,73,15.535689353942871,0.006484270095825195,4907.0,16.865863800048828,52,1
SLIM*ABS,cf1379e0-3726-11f0-8f04-f89e941a2f2f,sustavianfeed,1111,74,15.535689353942871,0.006571769714355469,5016.0,16.865863800048828,52,1
SLIM*ABS,cf1379e0-3726-11f0-8f04-f89e941a2f2f,sustavianfeed,1111,75,15.535689353942871,0.0067403316497802734,5157.0,16.865863800048828,52,1
SLIM*ABS,cf1379e0-3726-11f0-8f04-f89e941a2f2f,sustavianfeed,1111,76,15.535689353942871,0.006777524948120117,4714.0,16.865863800048828,52,1
SLIM*ABS,cf1379e0-3726-11f0-8f04-f89e941a2f2f,sustavianfeed,1111,77,15.535689353942871,0.005143165588378906,4802.0,16.865863800048828,52,1
SLIM*ABS,cf1379e0-3726-11f0-8f04-f89e941a2f2f,sustavianfeed,1111,78,15.535689353942871,0.007708311080932617,5254.0,16.865863800048828,52,1
SLIM*ABS,cf1379e0-3726-11f0-8f04-f89e941a2f2f,sustavianfeed,1111,79,15.535689353942871,0.0071828365325927734,4511.0,16.865863800048828,52,1
SLIM*ABS,cf1379e0-3726-11f0-8f04-f89e941a2f2f,sustavianfeed,1111,80,15.535689353942871,0.008714675903320312,4858.0,16.865863800048828,52,1
SLIM*ABS,cf1379e0-3726-11f0-8f04-f89e941a2f2f,sustavianfeed,1111,81,15.535689353942871,0.008443832397460938,5070.0,16.865863800048828,52,1
SLIM*ABS,cf1379e0-3726-11f0-8f04-f89e941a2f2f,sustavianfeed,1111,82,15.535689353942871,0.007435321807861328,5121.0,16.865863800048828,52,1
SLIM*ABS,cf1379e0-3726-11f0-8f04-f89e941a2f2f,sustavianfeed,1111,83,15.535689353942871,0.0066034793853759766,4840.0,16.865863800048828,52,1
SLIM*ABS,cf1379e0-3726-11f0-8f04-f89e941a2f2f,sustavianfeed,1111,84,15.535689353942871,0.006605386734008789,5465.0,16.865863800048828,52,1
SLIM*ABS,cf1379e0-3726-11f0-8f04-f89e941a2f2f,sustavianfeed,1111,85,15.535689353942871,0.008414745330810547,5421.0,16.865863800048828,52,1
SLIM*ABS,cf1379e0-3726-11f0-8f04-f89e941a2f2f,sustavianfeed,1111,86,15.535689353942871,0.006278514862060547,5385.0,16.865863800048828,52,1
SLIM*ABS,cf1379e0-3726-11f0-8f04-f89e941a2f2f,sustavianfeed,1111,87,15.535689353942871,0.00714111328125,5368.0,16.865863800048828,52,1
SLIM*ABS,cf1379e0-3726-11f0-8f04-f89e941a2f2f,sustavianfeed,1111,88,15.535689353942871,0.007817745208740234,5345.0,16.865863800048828,52,1
SLIM*ABS,cf1379e0-3726-11f0-8f04-f89e941a2f2f,sustavianfeed,1111,89,15.535689353942871,0.008985519409179688,5487.0,16.865863800048828,52,1
SLIM*ABS,cf1379e0-3726-11f0-8f04-f89e941a2f2f,sustavianfeed,1111,90,15.535689353942871,0.007737874984741211,4779.0,16.865863800048828,52,1
SLIM*ABS,cf1379e0-3726-11f0-8f04-f89e941a2f2f,sustavianfeed,1111,91,15.535689353942871,0.006742715835571289,5078.0,16.865863800048828,52,1
SLIM*ABS,cf1379e0-3726-11f0-8f04-f89e941a2f2f,sustavianfeed,1111,92,15.535689353942871,0.007165670394897461,5284.0,16.865863800048828,52,1
SLIM*ABS,cf1379e0-3726-11f0-8f04-f89e941a2f2f,sustavianfeed,1111,93,15.535689353942871,0.005918025970458984,5675.0,16.865863800048828,52,1
SLIM*ABS,cf1379e0-3726-11f0-8f04-f89e941a2f2f,sustavianfeed,1111,94,15.535689353942871,0.005965709686279297,5370.0,16.865863800048828,52,1
SLIM*ABS,cf1379e0-3726-11f0-8f04-f89e941a2f2f,sustavianfeed,1111,95,15.535689353942871,0.007203340530395508,5546.0,16.865863800048828,52,1
SLIM*ABS,cf1379e0-3726-11f0-8f04-f89e941a2f2f,sustavianfeed,1111,96,15.535689353942871,0.005507946014404297,5612.0,16.865863800048828,52,1
SLIM*ABS,cf1379e0-3726-11f0-8f04-f89e941a2f2f,sustavianfeed,1111,97,15.535689353942871,0.0059969425201416016,5742.0,16.865863800048828,52,1
SLIM*ABS,cf1379e0-3726-11f0-8f04-f89e941a2f2f,sustavianfeed,1111,98,15.535689353942871,0.0069103240966796875,5676.0,16.865863800048828,52,1
SLIM*ABS,cf1379e0-3726-11f0-8f04-f89e941a2f2f,sustavianfeed,1111,99,15.535689353942871,0.005972623825073242,5284.0,16.865863800048828,52,1
SLIM*ABS,cf1379e0-3726-11f0-8f04-f89e941a2f2f,sustavianfeed,1111,100,15.535689353942871,0.007067203521728516,5327.0,16.865863800048828,52,1
SLIM*ABS,cf1379e0-3726-11f0-8f04-f89e941a2f2f,sustavianfeed,1111,101,15.535689353942871,0.006813526153564453,5063.0,16.865863800048828,52,1
SLIM*ABS,cf1379e0-3726-11f0-8f04-f89e941a2f2f,sustavianfeed,1111,102,15.535689353942871,0.00831460952758789,5486.0,16.865863800048828,52,1
SLIM*ABS,cf1379e0-3726-11f0-8f04-f89e941a2f2f,sustavianfeed,1111,103,15.535689353942871,0.006009101867675781,5215.0,16.865863800048828,52,1
SLIM*ABS,cf1379e0-3726-11f0-8f04-f89e941a2f2f,sustavianfeed,1111,104,15.535689353942871,0.00691676139831543,5226.0,16.865863800048828,52,1
SLIM*ABS,cf1379e0-3726-11f0-8f04-f89e941a2f2f,sustavianfeed,1111,105,15.535689353942871,0.006877899169921875,5512.0,16.865863800048828,52,1
SLIM*ABS,cf1379e0-3726-11f0-8f04-f89e941a2f2f,sustavianfeed,1111,106,15.535689353942871,0.006745815277099609,5267.0,16.865863800048828,52,1
SLIM*ABS,cf1379e0-3726-11f0-8f04-f89e941a2f2f,sustavianfeed,1111,107,15.535689353942871,0.00707244873046875,5539.0,16.865863800048828,52,1
SLIM*ABS,cf1379e0-3726-11f0-8f04-f89e941a2f2f,sustavianfeed,1111,108,15.535689353942871,0.007297039031982422,5466.0,16.865863800048828,52,1
SLIM*ABS,cf1379e0-3726-11f0-8f04-f89e941a2f2f,sustavianfeed,1111,109,15.535689353942871,0.008915185928344727,5070.0,16.865863800048828,52,1
SLIM*ABS,cf1379e0-3726-11f0-8f04-f89e941a2f2f,sustavianfeed,1111,110,15.535689353942871,0.008402585983276367,5029.0,16.865863800048828,52,1
SLIM*ABS,cf1379e0-3726-11f0-8f04-f89e941a2f2f,sustavianfeed,1111,111,15.533769607543945,0.007859230041503906,5054.0,16.797700881958008,65,1
SLIM*ABS,cf1379e0-3726-11f0-8f04-f89e941a2f2f,sustavianfeed,1111,112,15.533769607543945,0.008048534393310547,4854.0,16.797700881958008,65,1
SLIM*ABS,cf1379e0-3726-11f0-8f04-f89e941a2f2f,sustavianfeed,1111,113,15.533769607543945,0.00576019287109375,5657.0,16.797700881958008,65,1
SLIM*ABS,cf1379e0-3726-11f0-8f04-f89e941a2f2f,sustavianfeed,1111,114,15.533036231994629,0.00676727294921875,5474.0,17.02936553955078,131,1
SLIM*ABS,cf1379e0-3726-11f0-8f04-f89e941a2f2f,sustavianfeed,1111,115,15.533036231994629,0.007631063461303711,5435.0,17.02936553955078,131,1
SLIM*ABS,cf1379e0-3726-11f0-8f04-f89e941a2f2f,sustavianfeed,1111,116,15.532280921936035,0.0059015750885009766,5568.0,16.984111785888672,116,1
SLIM*ABS,cf1379e0-3726-11f0-8f04-f89e941a2f2f,sustavianfeed,1111,117,15.532280921936035,0.006731510162353516,5801.0,16.984111785888672,116,1
SLIM*ABS,cf1379e0-3726-11f0-8f04-f89e941a2f2f,sustavianfeed,1111,118,15.532280921936035,0.008574962615966797,5653.0,16.984111785888672,116,1
SLIM*ABS,cf1379e0-3726-11f0-8f04-f89e941a2f2f,sustavianfeed,1111,119,15.532280921936035,0.006306886672973633,5668.0,16.984111785888672,116,1
SLIM*ABS,cf1379e0-3726-11f0-8f04-f89e941a2f2f,sustavianfeed,1111,120,15.532280921936035,0.008414030075073242,5872.0,16.984111785888672,116,1
SLIM*ABS,cf1379e0-3726-11f0-8f04-f89e941a2f2f,sustavianfeed,1111,121,15.532280921936035,0.009645700454711914,5980.0,16.984111785888672,116,1
SLIM*ABS,cf1379e0-3726-11f0-8f04-f89e941a2f2f,sustavianfeed,1111,122,15.532280921936035,0.006476163864135742,6080.0,16.984111785888672,116,1
SLIM*ABS,cf1379e0-3726-11f0-8f04-f89e941a2f2f,sustavianfeed,1111,123,15.532280921936035,0.006197452545166016,6049.0,16.984111785888672,116,1
SLIM*ABS,cf1379e0-3726-11f0-8f04-f89e941a2f2f,sustavianfeed,1111,124,15.532280921936035,0.006287813186645508,6093.0,16.984111785888672,116,1
SLIM*ABS,cf1379e0-3726-11f0-8f04-f89e941a2f2f,sustavianfeed,1111,125,15.531974792480469,0.0053462982177734375,6126.0,16.94651222229004,131,1
SLIM*ABS,cf1379e0-3726-11f0-8f04-f89e941a2f2f,sustavianfeed,1111,126,15.531974792480469,0.0066242218017578125,6054.0,16.94651222229004,131,1
SLIM*ABS,cf1379e0-3726-11f0-8f04-f89e941a2f2f,sustavianfeed,1111,127,15.531974792480469,0.0066797733306884766,6085.0,16.94651222229004,131,1
SLIM*ABS,cf1379e0-3726-11f0-8f04-f89e941a2f2f,sustavianfeed,1111,128,15.531974792480469,0.004467487335205078,6183.0,16.94651222229004,131,1
SLIM*ABS,cf1379e0-3726-11f0-8f04-f89e941a2f2f,sustavianfeed,1111,129,15.531974792480469,0.005987882614135742,6056.0,16.94651222229004,131,1
SLIM*ABS,cf1379e0-3726-11f0-8f04-f89e941a2f2f,sustavianfeed,1111,130,15.531974792480469,0.006272315979003906,6171.0,16.94651222229004,131,1
SLIM*ABS,cf1379e0-3726-11f0-8f04-f89e941a2f2f,sustavianfeed,1111,131,15.531974792480469,0.0052492618560791016,6136.0,16.94651222229004,131,1
SLIM*ABS,cf1379e0-3726-11f0-8f04-f89e941a2f2f,sustavianfeed,1111,132,15.531974792480469,0.005745887756347656,6164.0,16.94651222229004,131,1
SLIM*ABS,cf1379e0-3726-11f0-8f04-f89e941a2f2f,sustavianfeed,1111,133,15.531974792480469,0.004855155944824219,6140.0,16.94651222229004,131,1
SLIM*ABS,cf1379e0-3726-11f0-8f04-f89e941a2f2f,sustavianfeed,1111,134,15.531974792480469,0.00541234016418457,6107.0,16.94651222229004,131,1
SLIM*ABS,cf1379e0-3726-11f0-8f04-f89e941a2f2f,sustavianfeed,1111,135,15.531974792480469,0.007416486740112305,6100.0,16.94651222229004,131,1
SLIM*ABS,cf1379e0-3726-11f0-8f04-f89e941a2f2f,sustavianfeed,1111,136,15.531974792480469,0.005095481872558594,6135.0,16.94651222229004,131,1
SLIM*ABS,cf1379e0-3726-11f0-8f04-f89e941a2f2f,sustavianfeed,1111,137,15.531974792480469,0.007124423980712891,6132.0,16.94651222229004,131,1
SLIM*ABS,cf1379e0-3726-11f0-8f04-f89e941a2f2f,sustavianfeed,1111,138,15.531974792480469,0.007292509078979492,6051.0,16.94651222229004,131,1
SLIM*ABS,cf1379e0-3726-11f0-8f04-f89e941a2f2f,sustavianfeed,1111,139,15.531974792480469,0.005821943283081055,5901.0,16.94651222229004,131,1
SLIM*ABS,cf1379e0-3726-11f0-8f04-f89e941a2f2f,sustavianfeed,1111,140,15.531974792480469,0.0064203739166259766,6053.0,16.94651222229004,131,1
SLIM*ABS,cf1379e0-3726-11f0-8f04-f89e941a2f2f,sustavianfeed,1111,141,15.531974792480469,0.004658699035644531,6102.0,16.94651222229004,131,1
SLIM*ABS,cf1379e0-3726-11f0-8f04-f89e941a2f2f,sustavianfeed,1111,142,15.531974792480469,0.00546574592590332,6109.0,16.94651222229004,131,1
SLIM*ABS,cf1379e0-3726-11f0-8f04-f89e941a2f2f,sustavianfeed,1111,143,15.531974792480469,0.005226612091064453,6196.0,16.94651222229004,131,1
SLIM*ABS,cf1379e0-3726-11f0-8f04-f89e941a2f2f,sustavianfeed,1111,144,15.531974792480469,0.0043752193450927734,6120.0,16.94651222229004,131,1
SLIM*ABS,cf1379e0-3726-11f0-8f04-f89e941a2f2f,sustavianfeed,1111,145,15.531974792480469,0.0046613216400146484,6222.0,16.94651222229004,131,1
SLIM*ABS,cf1379e0-3726-11f0-8f04-f89e941a2f2f,sustavianfeed,1111,146,15.531974792480469,0.004271268844604492,6136.0,16.94651222229004,131,1
SLIM*ABS,cf1379e0-3726-11f0-8f04-f89e941a2f2f,sustavianfeed,1111,147,15.531974792480469,0.0055315494537353516,6123.0,16.94651222229004,131,1
SLIM*ABS,cf1379e0-3726-11f0-8f04-f89e941a2f2f,sustavianfeed,1111,148,15.531974792480469,0.00881648063659668,5991.0,16.94651222229004,131,1
SLIM*ABS,cf1379e0-3726-11f0-8f04-f89e941a2f2f,sustavianfeed,1111,149,15.531974792480469,0.004107475280761719,6140.0,16.94651222229004,131,1
SLIM*ABS,cf1379e0-3726-11f0-8f04-f89e941a2f2f,sustavianfeed,1111,150,15.531974792480469,0.005548000335693359,6125.0,16.94651222229004,131,1
SLIM*ABS,cf1379e0-3726-11f0-8f04-f89e941a2f2f,sustavianfeed,1111,0,23.677398681640625,0.006651163101196289,280.0,17.286808013916016,3,1
SLIM*ABS,cf1379e0-3726-11f0-8f04-f89e941a2f2f,sustavianfeed,1111,1,18.821378707885742,0.007680177688598633,668.0,26.72747230529785,18,1
SLIM*ABS,cf1379e0-3726-11f0-8f04-f89e941a2f2f,sustavianfeed,1111,2,16.535158157348633,0.007489681243896484,856.0,13.349160194396973,18,1
SLIM*ABS,cf1379e0-3726-11f0-8f04-f89e941a2f2f,sustavianfeed,1111,3,16.19427490234375,0.007782697677612305,1176.0,14.171558380126953,18,1
SLIM*ABS,cf1379e0-3726-11f0-8f04-f89e941a2f2f,sustavianfeed,1111,4,16.19427490234375,0.008222341537475586,1326.0,14.171558380126953,18,1
SLIM*ABS,cf1379e0-3726-11f0-8f04-f89e941a2f2f,sustavianfeed,1111,5,16.19427490234375,0.00825643539428711,1790.0,14.171558380126953,18,1
SLIM*ABS,cf1379e0-3726-11f0-8f04-f89e941a2f2f,sustavianfeed,1111,6,16.173595428466797,0.00891566276550293,1978.0,14.316018104553223,37,1
SLIM*ABS,cf1379e0-3726-11f0-8f04-f89e941a2f2f,sustavianfeed,1111,7,16.173595428466797,0.009774923324584961,2384.0,14.316018104553223,37,1
SLIM*ABS,cf1379e0-3726-11f0-8f04-f89e941a2f2f,sustavianfeed,1111,8,16.173595428466797,0.008892297744750977,2065.0,14.316018104553223,37,1
SLIM*ABS,cf1379e0-3726-11f0-8f04-f89e941a2f2f,sustavianfeed,1111,9,16.173595428466797,0.008997201919555664,1700.0,14.316018104553223,37,1
SLIM*ABS,cf1379e0-3726-11f0-8f04-f89e941a2f2f,sustavianfeed,1111,10,16.173595428466797,0.008272647857666016,1322.0,14.316018104553223,37,1
SLIM*ABS,cf1379e0-3726-11f0-8f04-f89e941a2f2f,sustavianfeed,1111,11,16.08757781982422,0.009135007858276367,1929.0,14.305939674377441,48,1
SLIM*ABS,cf1379e0-3726-11f0-8f04-f89e941a2f2f,sustavianfeed,1111,12,15.914445877075195,0.009618043899536133,2170.0,18.89806365966797,33,1
SLIM*ABS,cf1379e0-3726-11f0-8f04-f89e941a2f2f,sustavianfeed,1111,13,15.914445877075195,0.0099334716796875,2593.0,18.89806365966797,33,1
SLIM*ABS,cf1379e0-3726-11f0-8f04-f89e941a2f2f,sustavianfeed,1111,14,15.914445877075195,0.01018381118774414,2452.0,18.89806365966797,33,1
SLIM*ABS,cf1379e0-3726-11f0-8f04-f89e941a2f2f,sustavianfeed,1111,15,15.642651557922363,0.009815216064453125,2653.0,16.934247970581055,48,1
SLIM*ABS,cf1379e0-3726-11f0-8f04-f89e941a2f2f,sustavianfeed,1111,16,15.642651557922363,0.009373664855957031,2351.0,16.934247970581055,48,1
SLIM*ABS,cf1379e0-3726-11f0-8f04-f89e941a2f2f,sustavianfeed,1111,17,15.640259742736816,0.009804487228393555,2654.0,17.08770751953125,48,1
SLIM*ABS,cf1379e0-3726-11f0-8f04-f89e941a2f2f,sustavianfeed,1111,18,15.640259742736816,0.008682012557983398,2569.0,17.08770751953125,48,1
SLIM*ABS,cf1379e0-3726-11f0-8f04-f89e941a2f2f,sustavianfeed,1111,19,15.640259742736816,0.007726430892944336,2048.0,17.08770751953125,48,1
SLIM*ABS,cf1379e0-3726-11f0-8f04-f89e941a2f2f,sustavianfeed,1111,20,15.640259742736816,0.010441303253173828,2010.0,17.08770751953125,48,1
SLIM*ABS,cf1379e0-3726-11f0-8f04-f89e941a2f2f,sustavianfeed,1111,21,15.640259742736816,0.008791685104370117,2017.0,17.08770751953125,48,1
SLIM*ABS,cf1379e0-3726-11f0-8f04-f89e941a2f2f,sustavianfeed,1111,22,15.640259742736816,0.00850677490234375,1780.0,17.08770751953125,48,1
SLIM*ABS,cf1379e0-3726-11f0-8f04-f89e941a2f2f,sustavianfeed,1111,23,15.563217163085938,0.009379148483276367,2399.0,16.424400329589844,35,1
SLIM*ABS,cf1379e0-3726-11f0-8f04-f89e941a2f2f,sustavianfeed,1111,24,15.563217163085938,0.010555744171142578,2479.0,16.424400329589844,35,1
SLIM*ABS,cf1379e0-3726-11f0-8f04-f89e941a2f2f,sustavianfeed,1111,25,15.553393363952637,0.010509490966796875,2557.0,16.521760940551758,50,1
SLIM*ABS,cf1379e0-3726-11f0-8f04-f89e941a2f2f,sustavianfeed,1111,26,15.553393363952637,0.01025700569152832,2814.0,16.521760940551758,50,1
SLIM*ABS,cf1379e0-3726-11f0-8f04-f89e941a2f2f,sustavianfeed,1111,27,15.553393363952637,0.010314702987670898,2759.0,16.521760940551758,50,1
SLIM*ABS,cf1379e0-3726-11f0-8f04-f89e941a2f2f,sustavianfeed,1111,28,15.553393363952637,0.00996088981628418,2371.0,16.521760940551758,50,1
SLIM*ABS,cf1379e0-3726-11f0-8f04-f89e941a2f2f,sustavianfeed,1111,29,15.553393363952637,0.009252071380615234,1857.0,16.521760940551758,50,1
SLIM*ABS,cf1379e0-3726-11f0-8f04-f89e941a2f2f,sustavianfeed,1111,30,15.552438735961914,0.008724451065063477,2488.0,17.260040283203125,50,1
SLIM*ABS,cf1379e0-3726-11f0-8f04-f89e941a2f2f,sustavianfeed,1111,31,15.545735359191895,0.010620594024658203,2993.0,16.625539779663086,50,1
SLIM*ABS,cf1379e0-3726-11f0-8f04-f89e941a2f2f,sustavianfeed,1111,32,15.545735359191895,0.01035451889038086,2997.0,16.625539779663086,50,1
SLIM*ABS,cf1379e0-3726-11f0-8f04-f89e941a2f2f,sustavianfeed,1111,33,15.545735359191895,0.01062774658203125,2969.0,16.625539779663086,50,1
SLIM*ABS,cf1379e0-3726-11f0-8f04-f89e941a2f2f,sustavianfeed,1111,34,15.545735359191895,0.009491443634033203,3326.0,16.625539779663086,50,1
SLIM*ABS,cf1379e0-3726-11f0-8f04-f89e941a2f2f,sustavianfeed,1111,35,15.545735359191895,0.007098197937011719,4679.0,16.625539779663086,50,1
SLIM*ABS,cf1379e0-3726-11f0-8f04-f89e941a2f2f,sustavianfeed,1111,36,15.540587425231934,0.00968313217163086,4770.0,16.735233306884766,65,1
SLIM*ABS,cf1379e0-3726-11f0-8f04-f89e941a2f2f,sustavianfeed,1111,37,15.540587425231934,0.010225772857666016,4102.0,16.735233306884766,65,1
SLIM*ABS,cf1379e0-3726-11f0-8f04-f89e941a2f2f,sustavianfeed,1111,38,15.540587425231934,0.00898122787475586,4625.0,16.735233306884766,65,1
SLIM*ABS,cf1379e0-3726-11f0-8f04-f89e941a2f2f,sustavianfeed,1111,39,15.540587425231934,0.011934757232666016,4597.0,16.735233306884766,65,1
SLIM*ABS,cf1379e0-3726-11f0-8f04-f89e941a2f2f,sustavianfeed,1111,40,15.540587425231934,0.00868082046508789,4079.0,16.735233306884766,65,1
SLIM*ABS,cf1379e0-3726-11f0-8f04-f89e941a2f2f,sustavianfeed,1111,41,15.540587425231934,0.011151790618896484,3913.0,16.735233306884766,65,1
SLIM*ABS,cf1379e0-3726-11f0-8f04-f89e941a2f2f,sustavianfeed,1111,42,15.540587425231934,0.010226726531982422,3547.0,16.735233306884766,65,1
SLIM*ABS,cf1379e0-3726-11f0-8f04-f89e941a2f2f,sustavianfeed,1111,43,15.540587425231934,0.011186599731445312,2802.0,16.735233306884766,65,1
SLIM*ABS,cf1379e0-3726-11f0-8f04-f89e941a2f2f,sustavianfeed,1111,44,15.540056228637695,0.011436223983764648,2527.0,17.02022933959961,50,1
SLIM*ABS,cf1379e0-3726-11f0-8f04-f89e941a2f2f,sustavianfeed,1111,45,15.540056228637695,0.009495258331298828,2543.0,17.02022933959961,50,1
SLIM*ABS,cf1379e0-3726-11f0-8f04-f89e941a2f2f,sustavianfeed,1111,46,15.540056228637695,0.011331319808959961,2330.0,17.02022933959961,50,1
SLIM*ABS,cf1379e0-3726-11f0-8f04-f89e941a2f2f,sustavianfeed,1111,47,15.538273811340332,0.012077808380126953,2415.0,16.92386817932129,50,1
SLIM*ABS,cf1379e0-3726-11f0-8f04-f89e941a2f2f,sustavianfeed,1111,48,15.538273811340332,0.011084556579589844,2712.0,16.92386817932129,50,1
SLIM*ABS,cf1379e0-3726-11f0-8f04-f89e941a2f2f,sustavianfeed,1111,49,15.538273811340332,0.009063005447387695,2637.0,16.92386817932129,50,1
SLIM*ABS,cf1379e0-3726-11f0-8f04-f89e941a2f2f,sustavianfeed,1111,50,15.538273811340332,0.009252309799194336,2463.0,16.92386817932129,50,1
SLIM*ABS,cf1379e0-3726-11f0-8f04-f89e941a2f2f,sustavianfeed,1111,51,15.538273811340332,0.008127212524414062,2589.0,16.92386817932129,50,1
SLIM*ABS,cf1379e0-3726-11f0-8f04-f89e941a2f2f,sustavianfeed,1111,52,15.538273811340332,0.009860038757324219,2326.0,16.92386817932129,50,1
SLIM*ABS,cf1379e0-3726-11f0-8f04-f89e941a2f2f,sustavianfeed,1111,53,15.538273811340332,0.00992274284362793,2329.0,16.92386817932129,50,1
SLIM*ABS,cf1379e0-3726-11f0-8f04-f89e941a2f2f,sustavianfeed,1111,54,15.538273811340332,0.010120153427124023,2445.0,16.92386817932129,50,1
SLIM*ABS,cf1379e0-3726-11f0-8f04-f89e941a2f2f,sustavianfeed,1111,55,15.538273811340332,0.00932455062866211,2494.0,16.92386817932129,50,1
SLIM*ABS,cf1379e0-3726-11f0-8f04-f89e941a2f2f,sustavianfeed,1111,56,15.535689353942871,0.00930476188659668,2223.0,16.865863800048828,52,1
SLIM*ABS,cf1379e0-3726-11f0-8f04-f89e941a2f2f,sustavianfeed,1111,57,15.535689353942871,0.00946950912475586,2630.0,16.865863800048828,52,1
SLIM*ABS,cf1379e0-3726-11f0-8f04-f89e941a2f2f,sustavianfeed,1111,58,15.535689353942871,0.008773326873779297,2458.0,16.865863800048828,52,1
SLIM*ABS,cf1379e0-3726-11f0-8f04-f89e941a2f2f,sustavianfeed,1111,59,15.535689353942871,0.008959531784057617,2537.0,16.865863800048828,52,1
SLIM*ABS,cf1379e0-3726-11f0-8f04-f89e941a2f2f,sustavianfeed,1111,60,15.535689353942871,0.010046243667602539,3032.0,16.865863800048828,52,1
SLIM*ABS,cf1379e0-3726-11f0-8f04-f89e941a2f2f,sustavianfeed,1111,61,15.535689353942871,0.009924650192260742,3054.0,16.865863800048828,52,1
SLIM*ABS,cf1379e0-3726-11f0-8f04-f89e941a2f2f,sustavianfeed,1111,62,15.535689353942871,0.009735345840454102,2977.0,16.865863800048828,52,1
SLIM*ABS,cf1379e0-3726-11f0-8f04-f89e941a2f2f,sustavianfeed,1111,63,15.535689353942871,0.00966787338256836,3042.0,16.865863800048828,52,1
SLIM*ABS,cf1379e0-3726-11f0-8f04-f89e941a2f2f,sustavianfeed,1111,64,15.535689353942871,0.01011514663696289,2973.0,16.865863800048828,52,1
SLIM*ABS,cf1379e0-3726-11f0-8f04-f89e941a2f2f,sustavianfeed,1111,65,15.535689353942871,0.009744644165039062,2871.0,16.865863800048828,52,1
SLIM*ABS,cf1379e0-3726-11f0-8f04-f89e941a2f2f,sustavianfeed,1111,66,15.535689353942871,0.00946807861328125,2607.0,16.865863800048828,52,1
SLIM*ABS,cf1379e0-3726-11f0-8f04-f89e941a2f2f,sustavianfeed,1111,67,15.535689353942871,0.00784611701965332,2941.0,16.865863800048828,52,1
SLIM*ABS,cf1379e0-3726-11f0-8f04-f89e941a2f2f,sustavianfeed,1111,68,15.535689353942871,0.007347822189331055,4293.0,16.865863800048828,52,1
SLIM*ABS,cf1379e0-3726-11f0-8f04-f89e941a2f2f,sustavianfeed,1111,69,15.535689353942871,0.007287740707397461,5072.0,16.865863800048828,52,1
SLIM*ABS,cf1379e0-3726-11f0-8f04-f89e941a2f2f,sustavianfeed,1111,70,15.535689353942871,0.007120609283447266,4820.0,16.865863800048828,52,1
SLIM*ABS,cf1379e0-3726-11f0-8f04-f89e941a2f2f,sustavianfeed,1111,71,15.535689353942871,0.0069086551666259766,5222.0,16.865863800048828,52,1
SLIM*ABS,cf1379e0-3726-11f0-8f04-f89e941a2f2f,sustavianfeed,1111,72,15.535689353942871,0.007642984390258789,5322.0,16.865863800048828,52,1
SLIM*ABS,cf1379e0-3726-11f0-8f04-f89e941a2f2f,sustavianfeed,1111,73,15.535689353942871,0.006631135940551758,4907.0,16.865863800048828,52,1
SLIM*ABS,cf1379e0-3726-11f0-8f04-f89e941a2f2f,sustavianfeed,1111,74,15.535689353942871,0.006794929504394531,5016.0,16.865863800048828,52,1
SLIM*ABS,cf1379e0-3726-11f0-8f04-f89e941a2f2f,sustavianfeed,1111,75,15.535689353942871,0.006596803665161133,5157.0,16.865863800048828,52,1
SLIM*ABS,cf1379e0-3726-11f0-8f04-f89e941a2f2f,sustavianfeed,1111,76,15.535689353942871,0.007431983947753906,4714.0,16.865863800048828,52,1
SLIM*ABS,cf1379e0-3726-11f0-8f04-f89e941a2f2f,sustavianfeed,1111,77,15.535689353942871,0.005942821502685547,4802.0,16.865863800048828,52,1
SLIM*ABS,cf1379e0-3726-11f0-8f04-f89e941a2f2f,sustavianfeed,1111,78,15.535689353942871,0.007552623748779297,5254.0,16.865863800048828,52,1
SLIM*ABS,cf1379e0-3726-11f0-8f04-f89e941a2f2f,sustavianfeed,1111,79,15.535689353942871,0.0071790218353271484,4511.0,16.865863800048828,52,1
SLIM*ABS,cf1379e0-3726-11f0-8f04-f89e941a2f2f,sustavianfeed,1111,80,15.535689353942871,0.007373809814453125,4858.0,16.865863800048828,52,1
SLIM*ABS,cf1379e0-3726-11f0-8f04-f89e941a2f2f,sustavianfeed,1111,81,15.535689353942871,0.007947206497192383,5070.0,16.865863800048828,52,1
SLIM*ABS,cf1379e0-3726-11f0-8f04-f89e941a2f2f,sustavianfeed,1111,82,15.535689353942871,0.0069234371185302734,5121.0,16.865863800048828,52,1
SLIM*ABS,cf1379e0-3726-11f0-8f04-f89e941a2f2f,sustavianfeed,1111,83,15.535689353942871,0.006342649459838867,4840.0,16.865863800048828,52,1
SLIM*ABS,cf1379e0-3726-11f0-8f04-f89e941a2f2f,sustavianfeed,1111,84,15.535689353942871,0.006249904632568359,5465.0,16.865863800048828,52,1
SLIM*ABS,cf1379e0-3726-11f0-8f04-f89e941a2f2f,sustavianfeed,1111,85,15.535689353942871,0.007203578948974609,5421.0,16.865863800048828,52,1
SLIM*ABS,cf1379e0-3726-11f0-8f04-f89e941a2f2f,sustavianfeed,1111,86,15.535689353942871,0.0056760311126708984,5385.0,16.865863800048828,52,1
SLIM*ABS,cf1379e0-3726-11f0-8f04-f89e941a2f2f,sustavianfeed,1111,87,15.535689353942871,0.006108760833740234,5368.0,16.865863800048828,52,1
SLIM*ABS,cf1379e0-3726-11f0-8f04-f89e941a2f2f,sustavianfeed,1111,88,15.535689353942871,0.007608890533447266,5345.0,16.865863800048828,52,1
SLIM*ABS,cf1379e0-3726-11f0-8f04-f89e941a2f2f,sustavianfeed,1111,89,15.535689353942871,0.008377790451049805,5487.0,16.865863800048828,52,1
SLIM*ABS,cf1379e0-3726-11f0-8f04-f89e941a2f2f,sustavianfeed,1111,90,15.535689353942871,0.007205486297607422,4779.0,16.865863800048828,52,1
SLIM*ABS,cf1379e0-3726-11f0-8f04-f89e941a2f2f,sustavianfeed,1111,91,15.535689353942871,0.006449460983276367,5078.0,16.865863800048828,52,1
SLIM*ABS,cf1379e0-3726-11f0-8f04-f89e941a2f2f,sustavianfeed,1111,92,15.535689353942871,0.006617069244384766,5284.0,16.865863800048828,52,1
SLIM*ABS,cf1379e0-3726-11f0-8f04-f89e941a2f2f,sustavianfeed,1111,93,15.535689353942871,0.005766868591308594,5675.0,16.865863800048828,52,1
SLIM*ABS,cf1379e0-3726-11f0-8f04-f89e941a2f2f,sustavianfeed,1111,94,15.535689353942871,0.0056192874908447266,5370.0,16.865863800048828,52,1
SLIM*ABS,cf1379e0-3726-11f0-8f04-f89e941a2f2f,sustavianfeed,1111,95,15.535689353942871,0.006699323654174805,5546.0,16.865863800048828,52,1
SLIM*ABS,cf1379e0-3726-11f0-8f04-f89e941a2f2f,sustavianfeed,1111,96,15.535689353942871,0.005570411682128906,5612.0,16.865863800048828,52,1
SLIM*ABS,cf1379e0-3726-11f0-8f04-f89e941a2f2f,sustavianfeed,1111,97,15.535689353942871,0.006026744842529297,5742.0,16.865863800048828,52,1
SLIM*ABS,cf1379e0-3726-11f0-8f04-f89e941a2f2f,sustavianfeed,1111,98,15.535689353942871,0.006785869598388672,5676.0,16.865863800048828,52,1
SLIM*ABS,cf1379e0-3726-11f0-8f04-f89e941a2f2f,sustavianfeed,1111,99,15.535689353942871,0.005996227264404297,5284.0,16.865863800048828,52,1
SLIM*ABS,cf1379e0-3726-11f0-8f04-f89e941a2f2f,sustavianfeed,1111,100,15.535689353942871,0.006550312042236328,5327.0,16.865863800048828,52,1
SLIM*ABS,cf1379e0-3726-11f0-8f04-f89e941a2f2f,sustavianfeed,1111,101,15.535689353942871,0.006465911865234375,5063.0,16.865863800048828,52,1
SLIM*ABS,cf1379e0-3726-11f0-8f04-f89e941a2f2f,sustavianfeed,1111,102,15.535689353942871,0.007957696914672852,5486.0,16.865863800048828,52,1
SLIM*ABS,cf1379e0-3726-11f0-8f04-f89e941a2f2f,sustavianfeed,1111,103,15.535689353942871,0.005927085876464844,5215.0,16.865863800048828,52,1
SLIM*ABS,cf1379e0-3726-11f0-8f04-f89e941a2f2f,sustavianfeed,1111,104,15.535689353942871,0.0066835880279541016,5226.0,16.865863800048828,52,1
SLIM*ABS,cf1379e0-3726-11f0-8f04-f89e941a2f2f,sustavianfeed,1111,105,15.535689353942871,0.007893085479736328,5512.0,16.865863800048828,52,1
SLIM*ABS,cf1379e0-3726-11f0-8f04-f89e941a2f2f,sustavianfeed,1111,106,15.535689353942871,0.0072100162506103516,5267.0,16.865863800048828,52,1
SLIM*ABS,cf1379e0-3726-11f0-8f04-f89e941a2f2f,sustavianfeed,1111,107,15.535689353942871,0.00794076919555664,5539.0,16.865863800048828,52,1
SLIM*ABS,cf1379e0-3726-11f0-8f04-f89e941a2f2f,sustavianfeed,1111,108,15.535689353942871,0.00976872444152832,5466.0,16.865863800048828,52,1
SLIM*ABS,cf1379e0-3726-11f0-8f04-f89e941a2f2f,sustavianfeed,1111,109,15.535689353942871,0.015915393829345703,5070.0,16.865863800048828,52,1
SLIM*ABS,cf1379e0-3726-11f0-8f04-f89e941a2f2f,sustavianfeed,1111,110,15.535689353942871,0.010300397872924805,5029.0,16.865863800048828,52,1
SLIM*ABS,cf1379e0-3726-11f0-8f04-f89e941a2f2f,sustavianfeed,1111,111,15.533769607543945,0.008886098861694336,5054.0,16.797700881958008,65,1
SLIM*ABS,cf1379e0-3726-11f0-8f04-f89e941a2f2f,sustavianfeed,1111,112,15.533769607543945,0.01071023941040039,4854.0,16.797700881958008,65,1
SLIM*ABS,cf1379e0-3726-11f0-8f04-f89e941a2f2f,sustavianfeed,1111,113,15.533769607543945,0.004703044891357422,5657.0,16.797700881958008,65,1
SLIM*ABS,cf1379e0-3726-11f0-8f04-f89e941a2f2f,sustavianfeed,1111,114,15.533036231994629,0.00773310661315918,5474.0,17.02936553955078,131,1
SLIM*ABS,cf1379e0-3726-11f0-8f04-f89e941a2f2f,sustavianfeed,1111,115,15.533036231994629,0.008428573608398438,5435.0,17.02936553955078,131,1
SLIM*ABS,cf1379e0-3726-11f0-8f04-f89e941a2f2f,sustavianfeed,1111,116,15.532280921936035,0.00867009162902832,5568.0,16.984111785888672,116,1
SLIM*ABS,cf1379e0-3726-11f0-8f04-f89e941a2f2f,sustavianfeed,1111,117,15.532280921936035,0.008843421936035156,5801.0,16.984111785888672,116,1
SLIM*ABS,cf1379e0-3726-11f0-8f04-f89e941a2f2f,sustavianfeed,1111,118,15.532280921936035,0.008790969848632812,5653.0,16.984111785888672,116,1
SLIM*ABS,cf1379e0-3726-11f0-8f04-f89e941a2f2f,sustavianfeed,1111,119,15.532280921936035,0.009055852890014648,5668.0,16.984111785888672,116,1
SLIM*ABS,cf1379e0-3726-11f0-8f04-f89e941a2f2f,sustavianfeed,1111,120,15.532280921936035,0.006566286087036133,5872.0,16.984111785888672,116,1
SLIM*ABS,cf1379e0-3726-11f0-8f04-f89e941a2f2f,sustavianfeed,1111,121,15.532280921936035,0.009138822555541992,5980.0,16.984111785888672,116,1
SLIM*ABS,cf1379e0-3726-11f0-8f04-f89e941a2f2f,sustavianfeed,1111,122,15.532280921936035,0.005464315414428711,6080.0,16.984111785888672,116,1
SLIM*ABS,cf1379e0-3726-11f0-8f04-f89e941a2f2f,sustavianfeed,1111,123,15.532280921936035,0.0049135684967041016,6049.0,16.984111785888672,116,1
SLIM*ABS,cf1379e0-3726-11f0-8f04-f89e941a2f2f,sustavianfeed,1111,124,15.532280921936035,0.005081653594970703,6093.0,16.984111785888672,116,1
SLIM*ABS,cf1379e0-3726-11f0-8f04-f89e941a2f2f,sustavianfeed,1111,125,15.531974792480469,0.004884004592895508,6126.0,16.94651222229004,131,1
SLIM*ABS,cf1379e0-3726-11f0-8f04-f89e941a2f2f,sustavianfeed,1111,126,15.531974792480469,0.005435943603515625,6054.0,16.94651222229004,131,1
SLIM*ABS,cf1379e0-3726-11f0-8f04-f89e941a2f2f,sustavianfeed,1111,127,15.531974792480469,0.006011962890625,6085.0,16.94651222229004,131,1
SLIM*ABS,cf1379e0-3726-11f0-8f04-f89e941a2f2f,sustavianfeed,1111,128,15.531974792480469,0.0048029422760009766,6183.0,16.94651222229004,131,1
SLIM*ABS,cf1379e0-3726-11f0-8f04-f89e941a2f2f,sustavianfeed,1111,129,15.531974792480469,0.004537343978881836,6056.0,16.94651222229004,131,1
SLIM*ABS,cf1379e0-3726-11f0-8f04-f89e941a2f2f,sustavianfeed,1111,130,15.531974792480469,0.005483865737915039,6171.0,16.94651222229004,131,1
SLIM*ABS,cf1379e0-3726-11f0-8f04-f89e941a2f2f,sustavianfeed,1111,131,15.531974792480469,0.004523754119873047,6136.0,16.94651222229004,131,1
SLIM*ABS,cf1379e0-3726-11f0-8f04-f89e941a2f2f,sustavianfeed,1111,132,15.531974792480469,0.004935503005981445,6164.0,16.94651222229004,131,1
SLIM*ABS,cf1379e0-3726-11f0-8f04-f89e941a2f2f,sustavianfeed,1111,133,15.531974792480469,0.004451274871826172,6140.0,16.94651222229004,131,1
SLIM*ABS,cf1379e0-3726-11f0-8f04-f89e941a2f2f,sustavianfeed,1111,134,15.531974792480469,0.0044956207275390625,6107.0,16.94651222229004,131,1
SLIM*ABS,cf1379e0-3726-11f0-8f04-f89e941a2f2f,sustavianfeed,1111,135,15.531974792480469,0.005170583724975586,6100.0,16.94651222229004,131,1
SLIM*ABS,cf1379e0-3726-11f0-8f04-f89e941a2f2f,sustavianfeed,1111,136,15.531974792480469,0.005488872528076172,6135.0,16.94651222229004,131,1
SLIM*ABS,cf1379e0-3726-11f0-8f04-f89e941a2f2f,sustavianfeed,1111,137,15.531974792480469,0.00529932975769043,6132.0,16.94651222229004,131,1
SLIM*ABS,cf1379e0-3726-11f0-8f04-f89e941a2f2f,sustavianfeed,1111,138,15.531974792480469,0.005828380584716797,6051.0,16.94651222229004,131,1
SLIM*ABS,cf1379e0-3726-11f0-8f04-f89e941a2f2f,sustavianfeed,1111,139,15.531974792480469,0.0054857730865478516,5901.0,16.94651222229004,131,1
SLIM*ABS,cf1379e0-3726-11f0-8f04-f89e941a2f2f,sustavianfeed,1111,140,15.531974792480469,0.006415843963623047,6053.0,16.94651222229004,131,1
SLIM*ABS,cf1379e0-3726-11f0-8f04-f89e941a2f2f,sustavianfeed,1111,141,15.531974792480469,0.004862070083618164,6102.0,16.94651222229004,131,1
SLIM*ABS,cf1379e0-3726-11f0-8f04-f89e941a2f2f,sustavianfeed,1111,142,15.531974792480469,0.004925251007080078,6109.0,16.94651222229004,131,1
SLIM*ABS,cf1379e0-3726-11f0-8f04-f89e941a2f2f,sustavianfeed,1111,143,15.531974792480469,0.0048065185546875,6196.0,16.94651222229004,131,1
SLIM*ABS,cf1379e0-3726-11f0-8f04-f89e941a2f2f,sustavianfeed,1111,144,15.531974792480469,0.004235506057739258,6120.0,16.94651222229004,131,1
SLIM*ABS,cf1379e0-3726-11f0-8f04-f89e941a2f2f,sustavianfeed,1111,145,15.531974792480469,0.004678964614868164,6222.0,16.94651222229004,131,1
SLIM*ABS,cf1379e0-3726-11f0-8f04-f89e941a2f2f,sustavianfeed,1111,146,15.531974792480469,0.004469633102416992,6136.0,16.94651222229004,131,1
SLIM*ABS,cf1379e0-3726-11f0-8f04-f89e941a2f2f,sustavianfeed,1111,147,15.531974792480469,0.005633831024169922,6123.0,16.94651222229004,131,1
SLIM*ABS,cf1379e0-3726-11f0-8f04-f89e941a2f2f,sustavianfeed,1111,148,15.531974792480469,0.0049817562103271484,5991.0,16.94651222229004,131,1
SLIM*ABS,cf1379e0-3726-11f0-8f04-f89e941a2f2f,sustavianfeed,1111,149,15.531974792480469,0.004361867904663086,6140.0,16.94651222229004,131,1
SLIM*ABS,cf1379e0-3726-11f0-8f04-f89e941a2f2f,sustavianfeed,1111,150,15.531974792480469,0.0044977664947509766,6125.0,16.94651222229004,131,1
SLIM*ABS,cf1379e0-3726-11f0-8f04-f89e941a2f2f,sustavianfeed,1111,0,23.677398681640625,0.006854534149169922,280.0,17.286808013916016,3,1
SLIM*ABS,cf1379e0-3726-11f0-8f04-f89e941a2f2f,sustavianfeed,1111,1,17.693681716918945,0.008233308792114258,668.0,12.901569366455078,18,1
SLIM*ABS,cf1379e0-3726-11f0-8f04-f89e941a2f2f,sustavianfeed,1111,2,16.573678970336914,0.00857234001159668,847.0,13.24614429473877,33,1
SLIM*ABS,cf1379e0-3726-11f0-8f04-f89e941a2f2f,sustavianfeed,1111,3,15.675027847290039,0.009179115295410156,1408.0,16.47073745727539,48,1
SLIM*ABS,cf1379e0-3726-11f0-8f04-f89e941a2f2f,sustavianfeed,1111,4,15.675027847290039,0.00867319107055664,2117.0,16.47073745727539,48,1
SLIM*ABS,cf1379e0-3726-11f0-8f04-f89e941a2f2f,sustavianfeed,1111,5,15.675027847290039,0.009176969528198242,2624.0,16.47073745727539,48,1
SLIM*ABS,cf1379e0-3726-11f0-8f04-f89e941a2f2f,sustavianfeed,1111,6,15.639055252075195,0.009396076202392578,3023.0,16.538654327392578,63,1
SLIM*ABS,cf1379e0-3726-11f0-8f04-f89e941a2f2f,sustavianfeed,1111,7,15.371659278869629,0.01076650619506836,3600.0,18.012821197509766,93,1
SLIM*ABS,cf1379e0-3726-11f0-8f04-f89e941a2f2f,sustavianfeed,1111,8,15.371659278869629,0.009029626846313477,3859.0,18.012821197509766,93,1
SLIM*ABS,cf1379e0-3726-11f0-8f04-f89e941a2f2f,sustavianfeed,1111,9,15.371659278869629,0.008937358856201172,3681.0,18.012821197509766,93,1
SLIM*ABS,cf1379e0-3726-11f0-8f04-f89e941a2f2f,sustavianfeed,1111,10,15.337667465209961,0.009894847869873047,4116.0,18.19814682006836,95,1
SLIM*ABS,cf1379e0-3726-11f0-8f04-f89e941a2f2f,sustavianfeed,1111,11,15.337667465209961,0.010198593139648438,4413.0,18.19814682006836,95,1
SLIM*ABS,cf1379e0-3726-11f0-8f04-f89e941a2f2f,sustavianfeed,1111,12,15.337667465209961,0.010957956314086914,4944.0,18.19814682006836,95,1
SLIM*ABS,cf1379e0-3726-11f0-8f04-f89e941a2f2f,sustavianfeed,1111,13,15.337667465209961,0.009193897247314453,5079.0,18.19814682006836,95,1
SLIM*ABS,cf1379e0-3726-11f0-8f04-f89e941a2f2f,sustavianfeed,1111,14,15.337667465209961,0.008408069610595703,5278.0,18.19814682006836,95,1
SLIM*ABS,cf1379e0-3726-11f0-8f04-f89e941a2f2f,sustavianfeed,1111,15,15.337197303771973,0.009088277816772461,5504.0,18.162689208984375,110,1
SLIM*ABS,cf1379e0-3726-11f0-8f04-f89e941a2f2f,sustavianfeed,1111,16,15.337197303771973,0.008846521377563477,5532.0,18.162689208984375,110,1
SLIM*ABS,cf1379e0-3726-11f0-8f04-f89e941a2f2f,sustavianfeed,1111,17,15.337132453918457,0.010690927505493164,5659.0,18.079526901245117,125,1
SLIM*ABS,cf1379e0-3726-11f0-8f04-f89e941a2f2f,sustavianfeed,1111,18,15.337132453918457,0.0072095394134521484,5503.0,18.079526901245117,125,1
SLIM*ABS,cf1379e0-3726-11f0-8f04-f89e941a2f2f,sustavianfeed,1111,19,15.337104797363281,0.008865594863891602,5654.0,18.15158462524414,93,1
SLIM*ABS,cf1379e0-3726-11f0-8f04-f89e941a2f2f,sustavianfeed,1111,20,15.337021827697754,0.00607752799987793,5688.0,18.137224197387695,125,1
SLIM*ABS,cf1379e0-3726-11f0-8f04-f89e941a2f2f,sustavianfeed,1111,21,15.337021827697754,0.0063703060150146484,5523.0,18.137224197387695,125,1
SLIM*ABS,cf1379e0-3726-11f0-8f04-f89e941a2f2f,sustavianfeed,1111,22,15.337021827697754,0.006130695343017578,5651.0,18.137224197387695,125,1
SLIM*ABS,cf1379e0-3726-11f0-8f04-f89e941a2f2f,sustavianfeed,1111,23,15.337021827697754,0.0067670345306396484,5648.0,18.137224197387695,125,1
SLIM*ABS,cf1379e0-3726-11f0-8f04-f89e941a2f2f,sustavianfeed,1111,24,15.337021827697754,0.0068471431732177734,5685.0,18.137224197387695,125,1
SLIM*ABS,cf1379e0-3726-11f0-8f04-f89e941a2f2f,sustavianfeed,1111,25,15.337021827697754,0.008502721786499023,5741.0,18.137224197387695,125,1
SLIM*ABS,cf1379e0-3726-11f0-8f04-f89e941a2f2f,sustavianfeed,1111,26,15.337021827697754,0.006360054016113281,5842.0,18.137224197387695,125,1
SLIM*ABS,cf1379e0-3726-11f0-8f04-f89e941a2f2f,sustavianfeed,1111,27,15.337021827697754,0.005318880081176758,5767.0,18.137224197387695,125,1
SLIM*ABS,cf1379e0-3726-11f0-8f04-f89e941a2f2f,sustavianfeed,1111,28,15.337021827697754,0.005257844924926758,5820.0,18.137224197387695,125,1
SLIM*ABS,cf1379e0-3726-11f0-8f04-f89e941a2f2f,sustavianfeed,1111,29,15.337021827697754,0.00523066520690918,5811.0,18.137224197387695,125,1
SLIM*ABS,cf1379e0-3726-11f0-8f04-f89e941a2f2f,sustavianfeed,1111,30,15.337021827697754,0.005143404006958008,5888.0,18.137224197387695,125,1
SLIM*ABS,cf1379e0-3726-11f0-8f04-f89e941a2f2f,sustavianfeed,1111,31,15.337021827697754,0.004992008209228516,5777.0,18.137224197387695,125,1
SLIM*ABS,cf1379e0-3726-11f0-8f04-f89e941a2f2f,sustavianfeed,1111,32,15.337021827697754,0.005242109298706055,5899.0,18.137224197387695,125,1
SLIM*ABS,cf1379e0-3726-11f0-8f04-f89e941a2f2f,sustavianfeed,1111,33,15.337021827697754,0.0049135684967041016,5820.0,18.137224197387695,125,1
SLIM*ABS,cf1379e0-3726-11f0-8f04-f89e941a2f2f,sustavianfeed,1111,34,15.337021827697754,0.004474163055419922,5876.0,18.137224197387695,125,1
SLIM*ABS,cf1379e0-3726-11f0-8f04-f89e941a2f2f,sustavianfeed,1111,35,15.337021827697754,0.004568576812744141,5929.0,18.137224197387695,125,1
SLIM*ABS,cf1379e0-3726-11f0-8f04-f89e941a2f2f,sustavianfeed,1111,36,15.337021827697754,0.0043261051177978516,5869.0,18.137224197387695,125,1
SLIM*ABS,cf1379e0-3726-11f0-8f04-f89e941a2f2f,sustavianfeed,1111,37,15.337021827697754,0.005056619644165039,5899.0,18.137224197387695,125,1
SLIM*ABS,cf1379e0-3726-11f0-8f04-f89e941a2f2f,sustavianfeed,1111,38,15.337021827697754,0.005250215530395508,5865.0,18.137224197387695,125,1
SLIM*ABS,cf1379e0-3726-11f0-8f04-f89e941a2f2f,sustavianfeed,1111,39,15.337021827697754,0.004959583282470703,5946.0,18.137224197387695,125,1
SLIM*ABS,cf1379e0-3726-11f0-8f04-f89e941a2f2f,sustavianfeed,1111,40,15.337021827697754,0.004657268524169922,5860.0,18.137224197387695,125,1
SLIM*ABS,cf1379e0-3726-11f0-8f04-f89e941a2f2f,sustavianfeed,1111,41,15.337021827697754,0.005137443542480469,5794.0,18.137224197387695,125,1
SLIM*ABS,cf1379e0-3726-11f0-8f04-f89e941a2f2f,sustavianfeed,1111,42,15.337021827697754,0.006630897521972656,5907.0,18.137224197387695,125,1
SLIM*ABS,cf1379e0-3726-11f0-8f04-f89e941a2f2f,sustavianfeed,1111,43,15.337021827697754,0.005078315734863281,5869.0,18.137224197387695,125,1
SLIM*ABS,cf1379e0-3726-11f0-8f04-f89e941a2f2f,sustavianfeed,1111,44,15.337021827697754,0.005785226821899414,5938.0,18.137224197387695,125,1
SLIM*ABS,cf1379e0-3726-11f0-8f04-f89e941a2f2f,sustavianfeed,1111,45,15.337021827697754,0.0052852630615234375,5820.0,18.137224197387695,125,1
SLIM*ABS,cf1379e0-3726-11f0-8f04-f89e941a2f2f,sustavianfeed,1111,46,15.337021827697754,0.004336833953857422,5762.0,18.137224197387695,125,1
SLIM*ABS,cf1379e0-3726-11f0-8f04-f89e941a2f2f,sustavianfeed,1111,47,15.336980819702148,0.00543522834777832,5865.0,18.11425018310547,93,1
SLIM*ABS,cf1379e0-3726-11f0-8f04-f89e941a2f2f,sustavianfeed,1111,48,15.336980819702148,0.005472421646118164,5677.0,18.11425018310547,93,1
SLIM*ABS,cf1379e0-3726-11f0-8f04-f89e941a2f2f,sustavianfeed,1111,49,15.336980819702148,0.0062503814697265625,5786.0,18.11425018310547,93,1
SLIM*ABS,cf1379e0-3726-11f0-8f04-f89e941a2f2f,sustavianfeed,1111,50,15.336980819702148,0.004868268966674805,5810.0,18.11425018310547,93,1
SLIM*ABS,cf1379e0-3726-11f0-8f04-f89e941a2f2f,sustavianfeed,1111,51,15.336980819702148,0.00507664680480957,5690.0,18.11425018310547,93,1
SLIM*ABS,cf1379e0-3726-11f0-8f04-f89e941a2f2f,sustavianfeed,1111,52,15.336980819702148,0.00487971305847168,5741.0,18.11425018310547,93,1
SLIM*ABS,cf1379e0-3726-11f0-8f04-f89e941a2f2f,sustavianfeed,1111,53,15.336980819702148,0.005226612091064453,5701.0,18.11425018310547,93,1
SLIM*ABS,cf1379e0-3726-11f0-8f04-f89e941a2f2f,sustavianfeed,1111,54,15.336980819702148,0.0061681270599365234,5628.0,18.11425018310547,93,1
SLIM*ABS,cf1379e0-3726-11f0-8f04-f89e941a2f2f,sustavianfeed,1111,55,15.336980819702148,0.005784273147583008,5594.0,18.11425018310547,93,1
SLIM*ABS,cf1379e0-3726-11f0-8f04-f89e941a2f2f,sustavianfeed,1111,56,15.336980819702148,0.005944013595581055,5545.0,18.11425018310547,93,1
SLIM*ABS,cf1379e0-3726-11f0-8f04-f89e941a2f2f,sustavianfeed,1111,57,15.336980819702148,0.006688117980957031,5576.0,18.11425018310547,93,1
SLIM*ABS,cf1379e0-3726-11f0-8f04-f89e941a2f2f,sustavianfeed,1111,58,15.336980819702148,0.0069217681884765625,5600.0,18.11425018310547,93,1
SLIM*ABS,cf1379e0-3726-11f0-8f04-f89e941a2f2f,sustavianfeed,1111,59,15.336980819702148,0.0071563720703125,5532.0,18.11425018310547,93,1
SLIM*ABS,cf1379e0-3726-11f0-8f04-f89e941a2f2f,sustavianfeed,1111,60,15.336980819702148,0.0068187713623046875,5768.0,18.11425018310547,93,1
SLIM*ABS,cf1379e0-3726-11f0-8f04-f89e941a2f2f,sustavianfeed,1111,61,15.336980819702148,0.0052945613861083984,5576.0,18.11425018310547,93,1
SLIM*ABS,cf1379e0-3726-11f0-8f04-f89e941a2f2f,sustavianfeed,1111,62,15.336980819702148,0.005084037780761719,5656.0,18.11425018310547,93,1
SLIM*ABS,cf1379e0-3726-11f0-8f04-f89e941a2f2f,sustavianfeed,1111,63,15.336980819702148,0.005480289459228516,5753.0,18.11425018310547,93,1
SLIM*ABS,cf1379e0-3726-11f0-8f04-f89e941a2f2f,sustavianfeed,1111,64,15.336980819702148,0.004981517791748047,5642.0,18.11425018310547,93,1
SLIM*ABS,cf1379e0-3726-11f0-8f04-f89e941a2f2f,sustavianfeed,1111,65,15.336980819702148,0.004393339157104492,5760.0,18.11425018310547,93,1
SLIM*ABS,cf1379e0-3726-11f0-8f04-f89e941a2f2f,sustavianfeed,1111,66,15.336980819702148,0.005233287811279297,5612.0,18.11425018310547,93,1
SLIM*ABS,cf1379e0-3726-11f0-8f04-f89e941a2f2f,sustavianfeed,1111,67,15.336980819702148,0.006089687347412109,5601.0,18.11425018310547,93,1
SLIM*ABS,cf1379e0-3726-11f0-8f04-f89e941a2f2f,sustavianfeed,1111,68,15.336980819702148,0.006628751754760742,5625.0,18.11425018310547,93,1
SLIM*ABS,cf1379e0-3726-11f0-8f04-f89e941a2f2f,sustavianfeed,1111,69,15.336980819702148,0.005606651306152344,5745.0,18.11425018310547,93,1
SLIM*ABS,cf1379e0-3726-11f0-8f04-f89e941a2f2f,sustavianfeed,1111,70,15.336980819702148,0.006235361099243164,5524.0,18.11425018310547,93,1
SLIM*ABS,cf1379e0-3726-11f0-8f04-f89e941a2f2f,sustavianfeed,1111,71,15.336980819702148,0.0073146820068359375,5449.0,18.11425018310547,93,1
SLIM*ABS,cf1379e0-3726-11f0-8f04-f89e941a2f2f,sustavianfeed,1111,72,15.336980819702148,0.007301807403564453,5595.0,18.11425018310547,93,1
SLIM*ABS,cf1379e0-3726-11f0-8f04-f89e941a2f2f,sustavianfeed,1111,73,15.336980819702148,0.006332874298095703,5550.0,18.11425018310547,93,1
SLIM*ABS,cf1379e0-3726-11f0-8f04-f89e941a2f2f,sustavianfeed,1111,74,15.336980819702148,0.006512880325317383,5610.0,18.11425018310547,93,1
SLIM*ABS,cf1379e0-3726-11f0-8f04-f89e941a2f2f,sustavianfeed,1111,75,15.336980819702148,0.00759434700012207,5614.0,18.11425018310547,93,1
SLIM*ABS,cf1379e0-3726-11f0-8f04-f89e941a2f2f,sustavianfeed,1111,76,15.336980819702148,0.007092475891113281,5419.0,18.11425018310547,93,1
SLIM*ABS,cf1379e0-3726-11f0-8f04-f89e941a2f2f,sustavianfeed,1111,77,15.336980819702148,0.00702357292175293,5436.0,18.11425018310547,93,1
SLIM*ABS,cf1379e0-3726-11f0-8f04-f89e941a2f2f,sustavianfeed,1111,78,15.336980819702148,0.0064449310302734375,5492.0,18.11425018310547,93,1
SLIM*ABS,cf1379e0-3726-11f0-8f04-f89e941a2f2f,sustavianfeed,1111,79,15.336980819702148,0.007188081741333008,5595.0,18.11425018310547,93,1
SLIM*ABS,cf1379e0-3726-11f0-8f04-f89e941a2f2f,sustavianfeed,1111,80,15.336980819702148,0.006049394607543945,5565.0,18.11425018310547,93,1
SLIM*ABS,cf1379e0-3726-11f0-8f04-f89e941a2f2f,sustavianfeed,1111,81,15.336980819702148,0.00634765625,5610.0,18.11425018310547,93,1
SLIM*ABS,cf1379e0-3726-11f0-8f04-f89e941a2f2f,sustavianfeed,1111,82,15.336980819702148,0.0059337615966796875,5687.0,18.11425018310547,93,1
SLIM*ABS,cf1379e0-3726-11f0-8f04-f89e941a2f2f,sustavianfeed,1111,83,15.336980819702148,0.006249427795410156,5616.0,18.11425018310547,93,1
SLIM*ABS,cf1379e0-3726-11f0-8f04-f89e941a2f2f,sustavianfeed,1111,84,15.336980819702148,0.006147146224975586,5629.0,18.11425018310547,93,1
SLIM*ABS,cf1379e0-3726-11f0-8f04-f89e941a2f2f,sustavianfeed,1111,85,15.336980819702148,0.006132602691650391,5640.0,18.11425018310547,93,1
SLIM*ABS,cf1379e0-3726-11f0-8f04-f89e941a2f2f,sustavianfeed,1111,86,15.336980819702148,0.006148576736450195,5732.0,18.11425018310547,93,1
SLIM*ABS,cf1379e0-3726-11f0-8f04-f89e941a2f2f,sustavianfeed,1111,87,15.336980819702148,0.005419731140136719,5717.0,18.11425018310547,93,1
SLIM*ABS,cf1379e0-3726-11f0-8f04-f89e941a2f2f,sustavianfeed,1111,88,15.336980819702148,0.006651878356933594,5550.0,18.11425018310547,93,1
SLIM*ABS,cf1379e0-3726-11f0-8f04-f89e941a2f2f,sustavianfeed,1111,89,15.336980819702148,0.006664276123046875,5584.0,18.11425018310547,93,1
SLIM*ABS,cf1379e0-3726-11f0-8f04-f89e941a2f2f,sustavianfeed,1111,90,15.336980819702148,0.005460977554321289,5505.0,18.11425018310547,93,1
SLIM*ABS,cf1379e0-3726-11f0-8f04-f89e941a2f2f,sustavianfeed,1111,91,15.336980819702148,0.0051097869873046875,5535.0,18.11425018310547,93,1
SLIM*ABS,cf1379e0-3726-11f0-8f04-f89e941a2f2f,sustavianfeed,1111,92,15.336980819702148,0.005476236343383789,5625.0,18.11425018310547,93,1
SLIM*ABS,cf1379e0-3726-11f0-8f04-f89e941a2f2f,sustavianfeed,1111,93,15.336980819702148,0.004834413528442383,5595.0,18.11425018310547,93,1
SLIM*ABS,cf1379e0-3726-11f0-8f04-f89e941a2f2f,sustavianfeed,1111,94,15.336980819702148,0.0053539276123046875,5567.0,18.11425018310547,93,1
SLIM*ABS,cf1379e0-3726-11f0-8f04-f89e941a2f2f,sustavianfeed,1111,95,15.336980819702148,0.0060384273529052734,5702.0,18.11425018310547,93,1
SLIM*ABS,cf1379e0-3726-11f0-8f04-f89e941a2f2f,sustavianfeed,1111,96,15.336980819702148,0.005817890167236328,5760.0,18.11425018310547,93,1
SLIM*ABS,cf1379e0-3726-11f0-8f04-f89e941a2f2f,sustavianfeed,1111,97,15.336980819702148,0.005662679672241211,5584.0,18.11425018310547,93,1
SLIM*ABS,cf1379e0-3726-11f0-8f04-f89e941a2f2f,sustavianfeed,1111,98,15.336980819702148,0.005888700485229492,5552.0,18.11425018310547,93,1
SLIM*ABS,cf1379e0-3726-11f0-8f04-f89e941a2f2f,sustavianfeed,1111,99,15.336980819702148,0.005920886993408203,5685.0,18.11425018310547,93,1
SLIM*ABS,cf1379e0-3726-11f0-8f04-f89e941a2f2f,sustavianfeed,1111,100,15.336980819702148,0.005875110626220703,5537.0,18.11425018310547,93,1
SLIM*ABS,cf1379e0-3726-11f0-8f04-f89e941a2f2f,sustavianfeed,1111,101,15.336980819702148,0.005804777145385742,5447.0,18.11425018310547,93,1
SLIM*ABS,cf1379e0-3726-11f0-8f04-f89e941a2f2f,sustavianfeed,1111,102,15.336980819702148,0.005469799041748047,5580.0,18.11425018310547,93,1
SLIM*ABS,cf1379e0-3726-11f0-8f04-f89e941a2f2f,sustavianfeed,1111,103,15.336980819702148,0.005163908004760742,5565.0,18.11425018310547,93,1
SLIM*ABS,cf1379e0-3726-11f0-8f04-f89e941a2f2f,sustavianfeed,1111,104,15.336980819702148,0.005124330520629883,5702.0,18.11425018310547,93,1
SLIM*ABS,cf1379e0-3726-11f0-8f04-f89e941a2f2f,sustavianfeed,1111,105,15.336980819702148,0.005892038345336914,5614.0,18.11425018310547,93,1
SLIM*ABS,cf1379e0-3726-11f0-8f04-f89e941a2f2f,sustavianfeed,1111,106,15.336980819702148,0.005797624588012695,5505.0,18.11425018310547,93,1
SLIM*ABS,cf1379e0-3726-11f0-8f04-f89e941a2f2f,sustavianfeed,1111,107,15.336980819702148,0.0068149566650390625,5507.0,18.11425018310547,93,1
SLIM*ABS,cf1379e0-3726-11f0-8f04-f89e941a2f2f,sustavianfeed,1111,108,15.336980819702148,0.005929231643676758,5687.0,18.11425018310547,93,1
SLIM*ABS,cf1379e0-3726-11f0-8f04-f89e941a2f2f,sustavianfeed,1111,109,15.336980819702148,0.00575709342956543,5719.0,18.11425018310547,93,1
SLIM*ABS,cf1379e0-3726-11f0-8f04-f89e941a2f2f,sustavianfeed,1111,110,15.336980819702148,0.005969524383544922,5717.0,18.11425018310547,93,1
SLIM*ABS,cf1379e0-3726-11f0-8f04-f89e941a2f2f,sustavianfeed,1111,111,15.336980819702148,0.004680156707763672,5775.0,18.11425018310547,93,1
SLIM*ABS,cf1379e0-3726-11f0-8f04-f89e941a2f2f,sustavianfeed,1111,112,15.336980819702148,0.005102396011352539,5629.0,18.11425018310547,93,1
SLIM*ABS,cf1379e0-3726-11f0-8f04-f89e941a2f2f,sustavianfeed,1111,113,15.336980819702148,0.005804538726806641,5661.0,18.11425018310547,93,1
SLIM*ABS,cf1379e0-3726-11f0-8f04-f89e941a2f2f,sustavianfeed,1111,114,15.336980819702148,0.0057146549224853516,5616.0,18.11425018310547,93,1
SLIM*ABS,cf1379e0-3726-11f0-8f04-f89e941a2f2f,sustavianfeed,1111,115,15.336980819702148,0.0061337947845458984,5659.0,18.11425018310547,93,1
SLIM*ABS,cf1379e0-3726-11f0-8f04-f89e941a2f2f,sustavianfeed,1111,116,15.336980819702148,0.0055849552154541016,5657.0,18.11425018310547,93,1
SLIM*ABS,cf1379e0-3726-11f0-8f04-f89e941a2f2f,sustavianfeed,1111,117,15.336980819702148,0.004530429840087891,5715.0,18.11425018310547,93,1
SLIM*ABS,cf1379e0-3726-11f0-8f04-f89e941a2f2f,sustavianfeed,1111,118,15.336980819702148,0.0056726932525634766,5672.0,18.11425018310547,93,1
SLIM*ABS,cf1379e0-3726-11f0-8f04-f89e941a2f2f,sustavianfeed,1111,119,15.336980819702148,0.006617307662963867,5612.0,18.11425018310547,93,1
SLIM*ABS,cf1379e0-3726-11f0-8f04-f89e941a2f2f,sustavianfeed,1111,120,15.336980819702148,0.006337404251098633,5794.0,18.11425018310547,93,1
SLIM*ABS,cf1379e0-3726-11f0-8f04-f89e941a2f2f,sustavianfeed,1111,121,15.336980819702148,0.00475001335144043,5685.0,18.11425018310547,93,1
SLIM*ABS,cf1379e0-3726-11f0-8f04-f89e941a2f2f,sustavianfeed,1111,122,15.336980819702148,0.0059053897857666016,5625.0,18.11425018310547,93,1
SLIM*ABS,cf1379e0-3726-11f0-8f04-f89e941a2f2f,sustavianfeed,1111,123,15.336980819702148,0.005497455596923828,5657.0,18.11425018310547,93,1
SLIM*ABS,cf1379e0-3726-11f0-8f04-f89e941a2f2f,sustavianfeed,1111,124,15.336980819702148,0.005065441131591797,5597.0,18.11425018310547,93,1
SLIM*ABS,cf1379e0-3726-11f0-8f04-f89e941a2f2f,sustavianfeed,1111,125,15.336980819702148,0.0058672428131103516,5569.0,18.11425018310547,93,1
SLIM*ABS,cf1379e0-3726-11f0-8f04-f89e941a2f2f,sustavianfeed,1111,126,15.336980819702148,0.006163358688354492,5479.0,18.11425018310547,93,1
SLIM*ABS,cf1379e0-3726-11f0-8f04-f89e941a2f2f,sustavianfeed,1111,127,15.336980819702148,0.006143808364868164,5453.0,18.11425018310547,93,1
SLIM*ABS,cf1379e0-3726-11f0-8f04-f89e941a2f2f,sustavianfeed,1111,128,15.336980819702148,0.006640434265136719,5631.0,18.11425018310547,93,1
SLIM*ABS,cf1379e0-3726-11f0-8f04-f89e941a2f2f,sustavianfeed,1111,129,15.336980819702148,0.00599980354309082,5627.0,18.11425018310547,93,1
SLIM*ABS,cf1379e0-3726-11f0-8f04-f89e941a2f2f,sustavianfeed,1111,130,15.336980819702148,0.004965305328369141,5610.0,18.11425018310547,93,1
SLIM*ABS,cf1379e0-3726-11f0-8f04-f89e941a2f2f,sustavianfeed,1111,131,15.336980819702148,0.005344867706298828,5625.0,18.11425018310547,93,1
SLIM*ABS,cf1379e0-3726-11f0-8f04-f89e941a2f2f,sustavianfeed,1111,132,15.336980819702148,0.0062313079833984375,5640.0,18.11425018310547,93,1
SLIM*ABS,cf1379e0-3726-11f0-8f04-f89e941a2f2f,sustavianfeed,1111,133,15.336980819702148,0.005836963653564453,5520.0,18.11425018310547,93,1
SLIM*ABS,cf1379e0-3726-11f0-8f04-f89e941a2f2f,sustavianfeed,1111,134,15.336980819702148,0.005532979965209961,5629.0,18.11425018310547,93,1
SLIM*ABS,cf1379e0-3726-11f0-8f04-f89e941a2f2f,sustavianfeed,1111,135,15.336980819702148,0.0060710906982421875,5687.0,18.11425018310547,93,1
SLIM*ABS,cf1379e0-3726-11f0-8f04-f89e941a2f2f,sustavianfeed,1111,136,15.336980819702148,0.006838321685791016,5762.0,18.11425018310547,93,1
SLIM*ABS,cf1379e0-3726-11f0-8f04-f89e941a2f2f,sustavianfeed,1111,137,15.336980819702148,0.005779743194580078,5640.0,18.11425018310547,93,1
SLIM*ABS,cf1379e0-3726-11f0-8f04-f89e941a2f2f,sustavianfeed,1111,138,15.336980819702148,0.007595062255859375,5652.0,18.11425018310547,93,1
SLIM*ABS,cf1379e0-3726-11f0-8f04-f89e941a2f2f,sustavianfeed,1111,139,15.336980819702148,0.005549430847167969,5777.0,18.11425018310547,93,1
SLIM*ABS,cf1379e0-3726-11f0-8f04-f89e941a2f2f,sustavianfeed,1111,140,15.336980819702148,0.007018566131591797,5460.0,18.11425018310547,93,1
SLIM*ABS,cf1379e0-3726-11f0-8f04-f89e941a2f2f,sustavianfeed,1111,141,15.336980819702148,0.008159875869750977,5515.0,18.11425018310547,93,1
SLIM*ABS,cf1379e0-3726-11f0-8f04-f89e941a2f2f,sustavianfeed,1111,142,15.336980819702148,0.006885051727294922,5385.0,18.11425018310547,93,1
SLIM*ABS,cf1379e0-3726-11f0-8f04-f89e941a2f2f,sustavianfeed,1111,143,15.336980819702148,0.007039546966552734,5355.0,18.11425018310547,93,1
SLIM*ABS,cf1379e0-3726-11f0-8f04-f89e941a2f2f,sustavianfeed,1111,144,15.336980819702148,0.005668163299560547,5612.0,18.11425018310547,93,1
SLIM*ABS,cf1379e0-3726-11f0-8f04-f89e941a2f2f,sustavianfeed,1111,145,15.336980819702148,0.005804777145385742,5715.0,18.11425018310547,93,1
SLIM*ABS,cf1379e0-3726-11f0-8f04-f89e941a2f2f,sustavianfeed,1111,146,15.336980819702148,0.00439763069152832,5700.0,18.11425018310547,93,1
SLIM*ABS,cf1379e0-3726-11f0-8f04-f89e941a2f2f,sustavianfeed,1111,147,15.336980819702148,0.0060727596282958984,5687.0,18.11425018310547,93,1
SLIM*ABS,cf1379e0-3726-11f0-8f04-f89e941a2f2f,sustavianfeed,1111,148,15.336980819702148,0.006245851516723633,5657.0,18.11425018310547,93,1
SLIM*ABS,cf1379e0-3726-11f0-8f04-f89e941a2f2f,sustavianfeed,1111,149,15.336980819702148,0.006293773651123047,5477.0,18.11425018310547,93,1
SLIM*ABS,cf1379e0-3726-11f0-8f04-f89e941a2f2f,sustavianfeed,1111,150,15.336980819702148,0.005176067352294922,5732.0,18.11425018310547,93,1
SLIM*ABS,cf1379e0-3726-11f0-8f04-f89e941a2f2f,sustavianfeed,1111,0,23.677398681640625,0.007890701293945312,280.0,17.286808013916016,3,1
SLIM*ABS,cf1379e0-3726-11f0-8f04-f89e941a2f2f,sustavianfeed,1111,1,17.693681716918945,0.009193181991577148,668.0,12.901569366455078,18,1
SLIM*ABS,cf1379e0-3726-11f0-8f04-f89e941a2f2f,sustavianfeed,1111,2,16.573678970336914,0.00948643684387207,847.0,13.24614429473877,33,1
SLIM*ABS,cf1379e0-3726-11f0-8f04-f89e941a2f2f,sustavianfeed,1111,3,15.675027847290039,0.00978851318359375,1408.0,16.47073745727539,48,1
SLIM*ABS,cf1379e0-3726-11f0-8f04-f89e941a2f2f,sustavianfeed,1111,4,15.675027847290039,0.009064435958862305,2117.0,16.47073745727539,48,1
SLIM*ABS,cf1379e0-3726-11f0-8f04-f89e941a2f2f,sustavianfeed,1111,5,15.675027847290039,0.009816408157348633,2624.0,16.47073745727539,48,1
SLIM*ABS,cf1379e0-3726-11f0-8f04-f89e941a2f2f,sustavianfeed,1111,6,15.639055252075195,0.009827136993408203,3023.0,16.538654327392578,63,1
SLIM*ABS,cf1379e0-3726-11f0-8f04-f89e941a2f2f,sustavianfeed,1111,7,15.371659278869629,0.010759115219116211,3600.0,18.012821197509766,93,1
SLIM*ABS,cf1379e0-3726-11f0-8f04-f89e941a2f2f,sustavianfeed,1111,8,15.371659278869629,0.009270668029785156,3859.0,18.012821197509766,93,1
SLIM*ABS,cf1379e0-3726-11f0-8f04-f89e941a2f2f,sustavianfeed,1111,9,15.371659278869629,0.009460210800170898,3681.0,18.012821197509766,93,1
SLIM*ABS,cf1379e0-3726-11f0-8f04-f89e941a2f2f,sustavianfeed,1111,10,15.337667465209961,0.009030580520629883,4116.0,18.19814682006836,95,1
SLIM*ABS,cf1379e0-3726-11f0-8f04-f89e941a2f2f,sustavianfeed,1111,11,15.337667465209961,0.009053707122802734,4413.0,18.19814682006836,95,1
SLIM*ABS,cf1379e0-3726-11f0-8f04-f89e941a2f2f,sustavianfeed,1111,12,15.337667465209961,0.009064674377441406,4944.0,18.19814682006836,95,1
SLIM*ABS,cf1379e0-3726-11f0-8f04-f89e941a2f2f,sustavianfeed,1111,13,15.337667465209961,0.009344816207885742,5079.0,18.19814682006836,95,1
SLIM*ABS,cf1379e0-3726-11f0-8f04-f89e941a2f2f,sustavianfeed,1111,14,15.337667465209961,0.007771015167236328,5278.0,18.19814682006836,95,1
SLIM*ABS,cf1379e0-3726-11f0-8f04-f89e941a2f2f,sustavianfeed,1111,15,15.337197303771973,0.008238077163696289,5504.0,18.162689208984375,110,1
SLIM*ABS,cf1379e0-3726-11f0-8f04-f89e941a2f2f,sustavianfeed,1111,16,15.337197303771973,0.007803201675415039,5532.0,18.162689208984375,110,1
SLIM*ABS,cf1379e0-3726-11f0-8f04-f89e941a2f2f,sustavianfeed,1111,17,15.337132453918457,0.009417533874511719,5659.0,18.079526901245117,125,1
SLIM*ABS,cf1379e0-3726-11f0-8f04-f89e941a2f2f,sustavianfeed,1111,18,15.337132453918457,0.006520748138427734,5503.0,18.079526901245117,125,1
SLIM*ABS,cf1379e0-3726-11f0-8f04-f89e941a2f2f,sustavianfeed,1111,19,15.337104797363281,0.007731437683105469,5654.0,18.15158462524414,93,1
SLIM*ABS,cf1379e0-3726-11f0-8f04-f89e941a2f2f,sustavianfeed,1111,20,15.337021827697754,0.005317211151123047,5688.0,18.137224197387695,125,1
SLIM*ABS,cf1379e0-3726-11f0-8f04-f89e941a2f2f,sustavianfeed,1111,21,15.337021827697754,0.005780220031738281,5523.0,18.137224197387695,125,1
SLIM*ABS,cf1379e0-3726-11f0-8f04-f89e941a2f2f,sustavianfeed,1111,22,15.337021827697754,0.005698680877685547,5651.0,18.137224197387695,125,1
SLIM*ABS,cf1379e0-3726-11f0-8f04-f89e941a2f2f,sustavianfeed,1111,23,15.337021827697754,0.006361246109008789,5648.0,18.137224197387695,125,1
SLIM*ABS,cf1379e0-3726-11f0-8f04-f89e941a2f2f,sustavianfeed,1111,24,15.337021827697754,0.005910396575927734,5685.0,18.137224197387695,125,1
SLIM*ABS,cf1379e0-3726-11f0-8f04-f89e941a2f2f,sustavianfeed,1111,25,15.337021827697754,0.007429599761962891,5741.0,18.137224197387695,125,1
SLIM*ABS,cf1379e0-3726-11f0-8f04-f89e941a2f2f,sustavianfeed,1111,26,15.337021827697754,0.005827903747558594,5842.0,18.137224197387695,125,1
SLIM*ABS,cf1379e0-3726-11f0-8f04-f89e941a2f2f,sustavianfeed,1111,27,15.337021827697754,0.005358219146728516,5767.0,18.137224197387695,125,1
SLIM*ABS,cf1379e0-3726-11f0-8f04-f89e941a2f2f,sustavianfeed,1111,28,15.337021827697754,0.0050811767578125,5820.0,18.137224197387695,125,1
SLIM*ABS,cf1379e0-3726-11f0-8f04-f89e941a2f2f,sustavianfeed,1111,29,15.337021827697754,0.004998445510864258,5811.0,18.137224197387695,125,1
SLIM*ABS,cf1379e0-3726-11f0-8f04-f89e941a2f2f,sustavianfeed,1111,30,15.337021827697754,0.0053997039794921875,5888.0,18.137224197387695,125,1
SLIM*ABS,cf1379e0-3726-11f0-8f04-f89e941a2f2f,sustavianfeed,1111,31,15.337021827697754,0.005299568176269531,5777.0,18.137224197387695,125,1
SLIM*ABS,cf1379e0-3726-11f0-8f04-f89e941a2f2f,sustavianfeed,1111,32,15.337021827697754,0.005554676055908203,5899.0,18.137224197387695,125,1
SLIM*ABS,cf1379e0-3726-11f0-8f04-f89e941a2f2f,sustavianfeed,1111,33,15.337021827697754,0.005135536193847656,5820.0,18.137224197387695,125,1
SLIM*ABS,cf1379e0-3726-11f0-8f04-f89e941a2f2f,sustavianfeed,1111,34,15.337021827697754,0.0046427249908447266,5876.0,18.137224197387695,125,1
SLIM*ABS,cf1379e0-3726-11f0-8f04-f89e941a2f2f,sustavianfeed,1111,35,15.337021827697754,0.00481724739074707,5929.0,18.137224197387695,125,1
SLIM*ABS,cf1379e0-3726-11f0-8f04-f89e941a2f2f,sustavianfeed,1111,36,15.337021827697754,0.004636526107788086,5869.0,18.137224197387695,125,1
SLIM*ABS,cf1379e0-3726-11f0-8f04-f89e941a2f2f,sustavianfeed,1111,37,15.337021827697754,0.005278587341308594,5899.0,18.137224197387695,125,1
SLIM*ABS,cf1379e0-3726-11f0-8f04-f89e941a2f2f,sustavianfeed,1111,38,15.337021827697754,0.0046389102935791016,5865.0,18.137224197387695,125,1
SLIM*ABS,cf1379e0-3726-11f0-8f04-f89e941a2f2f,sustavianfeed,1111,39,15.337021827697754,0.005343914031982422,5946.0,18.137224197387695,125,1
SLIM*ABS,cf1379e0-3726-11f0-8f04-f89e941a2f2f,sustavianfeed,1111,40,15.337021827697754,0.005027055740356445,5860.0,18.137224197387695,125,1
SLIM*ABS,cf1379e0-3726-11f0-8f04-f89e941a2f2f,sustavianfeed,1111,41,15.337021827697754,0.005113124847412109,5794.0,18.137224197387695,125,1
SLIM*ABS,cf1379e0-3726-11f0-8f04-f89e941a2f2f,sustavianfeed,1111,42,15.337021827697754,0.006354093551635742,5907.0,18.137224197387695,125,1
SLIM*ABS,cf1379e0-3726-11f0-8f04-f89e941a2f2f,sustavianfeed,1111,43,15.337021827697754,0.00490117073059082,5869.0,18.137224197387695,125,1
SLIM*ABS,cf1379e0-3726-11f0-8f04-f89e941a2f2f,sustavianfeed,1111,44,15.337021827697754,0.0061283111572265625,5938.0,18.137224197387695,125,1
SLIM*ABS,cf1379e0-3726-11f0-8f04-f89e941a2f2f,sustavianfeed,1111,45,15.337021827697754,0.006501913070678711,5820.0,18.137224197387695,125,1
SLIM*ABS,cf1379e0-3726-11f0-8f04-f89e941a2f2f,sustavianfeed,1111,46,15.337021827697754,0.004944562911987305,5762.0,18.137224197387695,125,1
SLIM*ABS,cf1379e0-3726-11f0-8f04-f89e941a2f2f,sustavianfeed,1111,47,15.336980819702148,0.00534367561340332,5865.0,18.11425018310547,93,1
SLIM*ABS,cf1379e0-3726-11f0-8f04-f89e941a2f2f,sustavianfeed,1111,48,15.336980819702148,0.005828857421875,5677.0,18.11425018310547,93,1
SLIM*ABS,cf1379e0-3726-11f0-8f04-f89e941a2f2f,sustavianfeed,1111,49,15.336980819702148,0.006506204605102539,5786.0,18.11425018310547,93,1
SLIM*ABS,cf1379e0-3726-11f0-8f04-f89e941a2f2f,sustavianfeed,1111,50,15.336980819702148,0.005215167999267578,5810.0,18.11425018310547,93,1
SLIM*ABS,cf1379e0-3726-11f0-8f04-f89e941a2f2f,sustavianfeed,1111,51,15.336980819702148,0.005362272262573242,5690.0,18.11425018310547,93,1
SLIM*ABS,cf1379e0-3726-11f0-8f04-f89e941a2f2f,sustavianfeed,1111,52,15.336980819702148,0.005177736282348633,5741.0,18.11425018310547,93,1
SLIM*ABS,cf1379e0-3726-11f0-8f04-f89e941a2f2f,sustavianfeed,1111,53,15.336980819702148,0.006074428558349609,5701.0,18.11425018310547,93,1
SLIM*ABS,cf1379e0-3726-11f0-8f04-f89e941a2f2f,sustavianfeed,1111,54,15.336980819702148,0.006741523742675781,5628.0,18.11425018310547,93,1
SLIM*ABS,cf1379e0-3726-11f0-8f04-f89e941a2f2f,sustavianfeed,1111,55,15.336980819702148,0.00630950927734375,5594.0,18.11425018310547,93,1
SLIM*ABS,cf1379e0-3726-11f0-8f04-f89e941a2f2f,sustavianfeed,1111,56,15.336980819702148,0.006383657455444336,5545.0,18.11425018310547,93,1
SLIM*ABS,cf1379e0-3726-11f0-8f04-f89e941a2f2f,sustavianfeed,1111,57,15.336980819702148,0.006636857986450195,5576.0,18.11425018310547,93,1
SLIM*ABS,cf1379e0-3726-11f0-8f04-f89e941a2f2f,sustavianfeed,1111,58,15.336980819702148,0.007159233093261719,5600.0,18.11425018310547,93,1
SLIM*ABS,cf1379e0-3726-11f0-8f04-f89e941a2f2f,sustavianfeed,1111,59,15.336980819702148,0.007437229156494141,5532.0,18.11425018310547,93,1
SLIM*ABS,cf1379e0-3726-11f0-8f04-f89e941a2f2f,sustavianfeed,1111,60,15.336980819702148,0.007046699523925781,5768.0,18.11425018310547,93,1
SLIM*ABS,cf1379e0-3726-11f0-8f04-f89e941a2f2f,sustavianfeed,1111,61,15.336980819702148,0.0050733089447021484,5576.0,18.11425018310547,93,1
SLIM*ABS,cf1379e0-3726-11f0-8f04-f89e941a2f2f,sustavianfeed,1111,62,15.336980819702148,0.004999399185180664,5656.0,18.11425018310547,93,1
SLIM*ABS,cf1379e0-3726-11f0-8f04-f89e941a2f2f,sustavianfeed,1111,63,15.336980819702148,0.005482196807861328,5753.0,18.11425018310547,93,1
SLIM*ABS,cf1379e0-3726-11f0-8f04-f89e941a2f2f,sustavianfeed,1111,64,15.336980819702148,0.00468897819519043,5642.0,18.11425018310547,93,1
SLIM*ABS,cf1379e0-3726-11f0-8f04-f89e941a2f2f,sustavianfeed,1111,65,15.336980819702148,0.004193782806396484,5760.0,18.11425018310547,93,1
SLIM*ABS,cf1379e0-3726-11f0-8f04-f89e941a2f2f,sustavianfeed,1111,66,15.336980819702148,0.004990339279174805,5612.0,18.11425018310547,93,1
SLIM*ABS,cf1379e0-3726-11f0-8f04-f89e941a2f2f,sustavianfeed,1111,67,15.336980819702148,0.005733966827392578,5601.0,18.11425018310547,93,1
SLIM*ABS,cf1379e0-3726-11f0-8f04-f89e941a2f2f,sustavianfeed,1111,68,15.336980819702148,0.006062746047973633,5625.0,18.11425018310547,93,1
SLIM*ABS,cf1379e0-3726-11f0-8f04-f89e941a2f2f,sustavianfeed,1111,69,15.336980819702148,0.0052242279052734375,5745.0,18.11425018310547,93,1
SLIM*ABS,cf1379e0-3726-11f0-8f04-f89e941a2f2f,sustavianfeed,1111,70,15.336980819702148,0.005899667739868164,5524.0,18.11425018310547,93,1
SLIM*ABS,cf1379e0-3726-11f0-8f04-f89e941a2f2f,sustavianfeed,1111,71,15.336980819702148,0.006594657897949219,5449.0,18.11425018310547,93,1
SLIM*ABS,cf1379e0-3726-11f0-8f04-f89e941a2f2f,sustavianfeed,1111,72,15.336980819702148,0.007197856903076172,5595.0,18.11425018310547,93,1
SLIM*ABS,cf1379e0-3726-11f0-8f04-f89e941a2f2f,sustavianfeed,1111,73,15.336980819702148,0.005452394485473633,5550.0,18.11425018310547,93,1
SLIM*ABS,cf1379e0-3726-11f0-8f04-f89e941a2f2f,sustavianfeed,1111,74,15.336980819702148,0.005683422088623047,5610.0,18.11425018310547,93,1
SLIM*ABS,cf1379e0-3726-11f0-8f04-f89e941a2f2f,sustavianfeed,1111,75,15.336980819702148,0.00616908073425293,5614.0,18.11425018310547,93,1
SLIM*ABS,cf1379e0-3726-11f0-8f04-f89e941a2f2f,sustavianfeed,1111,76,15.336980819702148,0.005964517593383789,5419.0,18.11425018310547,93,1
SLIM*ABS,cf1379e0-3726-11f0-8f04-f89e941a2f2f,sustavianfeed,1111,77,15.336980819702148,0.006991147994995117,5436.0,18.11425018310547,93,1
SLIM*ABS,cf1379e0-3726-11f0-8f04-f89e941a2f2f,sustavianfeed,1111,78,15.336980819702148,0.005814790725708008,5492.0,18.11425018310547,93,1
SLIM*ABS,cf1379e0-3726-11f0-8f04-f89e941a2f2f,sustavianfeed,1111,79,15.336980819702148,0.006780385971069336,5595.0,18.11425018310547,93,1
SLIM*ABS,cf1379e0-3726-11f0-8f04-f89e941a2f2f,sustavianfeed,1111,80,15.336980819702148,0.005654573440551758,5565.0,18.11425018310547,93,1
SLIM*ABS,cf1379e0-3726-11f0-8f04-f89e941a2f2f,sustavianfeed,1111,81,15.336980819702148,0.005894184112548828,5610.0,18.11425018310547,93,1
SLIM*ABS,cf1379e0-3726-11f0-8f04-f89e941a2f2f,sustavianfeed,1111,82,15.336980819702148,0.005692958831787109,5687.0,18.11425018310547,93,1
SLIM*ABS,cf1379e0-3726-11f0-8f04-f89e941a2f2f,sustavianfeed,1111,83,15.336980819702148,0.005859375,5616.0,18.11425018310547,93,1
SLIM*ABS,cf1379e0-3726-11f0-8f04-f89e941a2f2f,sustavianfeed,1111,84,15.336980819702148,0.006043910980224609,5629.0,18.11425018310547,93,1
SLIM*ABS,cf1379e0-3726-11f0-8f04-f89e941a2f2f,sustavianfeed,1111,85,15.336980819702148,0.0060269832611083984,5640.0,18.11425018310547,93,1
SLIM*ABS,cf1379e0-3726-11f0-8f04-f89e941a2f2f,sustavianfeed,1111,86,15.336980819702148,0.005948543548583984,5732.0,18.11425018310547,93,1
SLIM*ABS,cf1379e0-3726-11f0-8f04-f89e941a2f2f,sustavianfeed,1111,87,15.336980819702148,0.005469799041748047,5717.0,18.11425018310547,93,1
SLIM*ABS,cf1379e0-3726-11f0-8f04-f89e941a2f2f,sustavianfeed,1111,88,15.336980819702148,0.005704641342163086,5550.0,18.11425018310547,93,1
SLIM*ABS,cf1379e0-3726-11f0-8f04-f89e941a2f2f,sustavianfeed,1111,89,15.336980819702148,0.0061681270599365234,5584.0,18.11425018310547,93,1
SLIM*ABS,cf1379e0-3726-11f0-8f04-f89e941a2f2f,sustavianfeed,1111,90,15.336980819702148,0.005384683609008789,5505.0,18.11425018310547,93,1
SLIM*ABS,cf1379e0-3726-11f0-8f04-f89e941a2f2f,sustavianfeed,1111,91,15.336980819702148,0.0052831172943115234,5535.0,18.11425018310547,93,1
SLIM*ABS,cf1379e0-3726-11f0-8f04-f89e941a2f2f,sustavianfeed,1111,92,15.336980819702148,0.005794525146484375,5625.0,18.11425018310547,93,1
SLIM*ABS,cf1379e0-3726-11f0-8f04-f89e941a2f2f,sustavianfeed,1111,93,15.336980819702148,0.0047588348388671875,5595.0,18.11425018310547,93,1
SLIM*ABS,cf1379e0-3726-11f0-8f04-f89e941a2f2f,sustavianfeed,1111,94,15.336980819702148,0.005368947982788086,5567.0,18.11425018310547,93,1
SLIM*ABS,cf1379e0-3726-11f0-8f04-f89e941a2f2f,sustavianfeed,1111,95,15.336980819702148,0.005825519561767578,5702.0,18.11425018310547,93,1
SLIM*ABS,cf1379e0-3726-11f0-8f04-f89e941a2f2f,sustavianfeed,1111,96,15.336980819702148,0.005444765090942383,5760.0,18.11425018310547,93,1
SLIM*ABS,cf1379e0-3726-11f0-8f04-f89e941a2f2f,sustavianfeed,1111,97,15.336980819702148,0.005410194396972656,5584.0,18.11425018310547,93,1
SLIM*ABS,cf1379e0-3726-11f0-8f04-f89e941a2f2f,sustavianfeed,1111,98,15.336980819702148,0.005563974380493164,5552.0,18.11425018310547,93,1
SLIM*ABS,cf1379e0-3726-11f0-8f04-f89e941a2f2f,sustavianfeed,1111,99,15.336980819702148,0.005599021911621094,5685.0,18.11425018310547,93,1
SLIM*ABS,cf1379e0-3726-11f0-8f04-f89e941a2f2f,sustavianfeed,1111,100,15.336980819702148,0.0058672428131103516,5537.0,18.11425018310547,93,1
SLIM*ABS,cf1379e0-3726-11f0-8f04-f89e941a2f2f,sustavianfeed,1111,101,15.336980819702148,0.005619525909423828,5447.0,18.11425018310547,93,1
SLIM*ABS,cf1379e0-3726-11f0-8f04-f89e941a2f2f,sustavianfeed,1111,102,15.336980819702148,0.005111217498779297,5580.0,18.11425018310547,93,1
SLIM*ABS,cf1379e0-3726-11f0-8f04-f89e941a2f2f,sustavianfeed,1111,103,15.336980819702148,0.005469083786010742,5565.0,18.11425018310547,93,1
SLIM*ABS,cf1379e0-3726-11f0-8f04-f89e941a2f2f,sustavianfeed,1111,104,15.336980819702148,0.00523686408996582,5702.0,18.11425018310547,93,1
SLIM*ABS,cf1379e0-3726-11f0-8f04-f89e941a2f2f,sustavianfeed,1111,105,15.336980819702148,0.0066907405853271484,5614.0,18.11425018310547,93,1
SLIM*ABS,cf1379e0-3726-11f0-8f04-f89e941a2f2f,sustavianfeed,1111,106,15.336980819702148,0.006524801254272461,5505.0,18.11425018310547,93,1
SLIM*ABS,cf1379e0-3726-11f0-8f04-f89e941a2f2f,sustavianfeed,1111,107,15.336980819702148,0.006343364715576172,5507.0,18.11425018310547,93,1
SLIM*ABS,cf1379e0-3726-11f0-8f04-f89e941a2f2f,sustavianfeed,1111,108,15.336980819702148,0.005864143371582031,5687.0,18.11425018310547,93,1
SLIM*ABS,cf1379e0-3726-11f0-8f04-f89e941a2f2f,sustavianfeed,1111,109,15.336980819702148,0.0060825347900390625,5719.0,18.11425018310547,93,1
SLIM*ABS,cf1379e0-3726-11f0-8f04-f89e941a2f2f,sustavianfeed,1111,110,15.336980819702148,0.00642085075378418,5717.0,18.11425018310547,93,1
SLIM*ABS,cf1379e0-3726-11f0-8f04-f89e941a2f2f,sustavianfeed,1111,111,15.336980819702148,0.005251646041870117,5775.0,18.11425018310547,93,1
SLIM*ABS,cf1379e0-3726-11f0-8f04-f89e941a2f2f,sustavianfeed,1111,112,15.336980819702148,0.005604982376098633,5629.0,18.11425018310547,93,1
SLIM*ABS,cf1379e0-3726-11f0-8f04-f89e941a2f2f,sustavianfeed,1111,113,15.336980819702148,0.0061838626861572266,5661.0,18.11425018310547,93,1
SLIM*ABS,cf1379e0-3726-11f0-8f04-f89e941a2f2f,sustavianfeed,1111,114,15.336980819702148,0.005799055099487305,5616.0,18.11425018310547,93,1
SLIM*ABS,cf1379e0-3726-11f0-8f04-f89e941a2f2f,sustavianfeed,1111,115,15.336980819702148,0.006356239318847656,5659.0,18.11425018310547,93,1
SLIM*ABS,cf1379e0-3726-11f0-8f04-f89e941a2f2f,sustavianfeed,1111,116,15.336980819702148,0.006026744842529297,5657.0,18.11425018310547,93,1
SLIM*ABS,cf1379e0-3726-11f0-8f04-f89e941a2f2f,sustavianfeed,1111,117,15.336980819702148,0.005046367645263672,5715.0,18.11425018310547,93,1
SLIM*ABS,cf1379e0-3726-11f0-8f04-f89e941a2f2f,sustavianfeed,1111,118,15.336980819702148,0.005713701248168945,5672.0,18.11425018310547,93,1
SLIM*ABS,cf1379e0-3726-11f0-8f04-f89e941a2f2f,sustavianfeed,1111,119,15.336980819702148,0.006746530532836914,5612.0,18.11425018310547,93,1
SLIM*ABS,cf1379e0-3726-11f0-8f04-f89e941a2f2f,sustavianfeed,1111,120,15.336980819702148,0.005967140197753906,5794.0,18.11425018310547,93,1
SLIM*ABS,cf1379e0-3726-11f0-8f04-f89e941a2f2f,sustavianfeed,1111,121,15.336980819702148,0.0041656494140625,5685.0,18.11425018310547,93,1
SLIM*ABS,cf1379e0-3726-11f0-8f04-f89e941a2f2f,sustavianfeed,1111,122,15.336980819702148,0.005698204040527344,5625.0,18.11425018310547,93,1
SLIM*ABS,cf1379e0-3726-11f0-8f04-f89e941a2f2f,sustavianfeed,1111,123,15.336980819702148,0.005656242370605469,5657.0,18.11425018310547,93,1
SLIM*ABS,cf1379e0-3726-11f0-8f04-f89e941a2f2f,sustavianfeed,1111,124,15.336980819702148,0.005177497863769531,5597.0,18.11425018310547,93,1
SLIM*ABS,cf1379e0-3726-11f0-8f04-f89e941a2f2f,sustavianfeed,1111,125,15.336980819702148,0.0060117244720458984,5569.0,18.11425018310547,93,1
SLIM*ABS,cf1379e0-3726-11f0-8f04-f89e941a2f2f,sustavianfeed,1111,126,15.336980819702148,0.00599980354309082,5479.0,18.11425018310547,93,1
SLIM*ABS,cf1379e0-3726-11f0-8f04-f89e941a2f2f,sustavianfeed,1111,127,15.336980819702148,0.006086111068725586,5453.0,18.11425018310547,93,1
SLIM*ABS,cf1379e0-3726-11f0-8f04-f89e941a2f2f,sustavianfeed,1111,128,15.336980819702148,0.0065081119537353516,5631.0,18.11425018310547,93,1
SLIM*ABS,cf1379e0-3726-11f0-8f04-f89e941a2f2f,sustavianfeed,1111,129,15.336980819702148,0.005410909652709961,5627.0,18.11425018310547,93,1
SLIM*ABS,cf1379e0-3726-11f0-8f04-f89e941a2f2f,sustavianfeed,1111,130,15.336980819702148,0.005292654037475586,5610.0,18.11425018310547,93,1
SLIM*ABS,cf1379e0-3726-11f0-8f04-f89e941a2f2f,sustavianfeed,1111,131,15.336980819702148,0.005240201950073242,5625.0,18.11425018310547,93,1
SLIM*ABS,cf1379e0-3726-11f0-8f04-f89e941a2f2f,sustavianfeed,1111,132,15.336980819702148,0.005791664123535156,5640.0,18.11425018310547,93,1
SLIM*ABS,cf1379e0-3726-11f0-8f04-f89e941a2f2f,sustavianfeed,1111,133,15.336980819702148,0.005906343460083008,5520.0,18.11425018310547,93,1
SLIM*ABS,cf1379e0-3726-11f0-8f04-f89e941a2f2f,sustavianfeed,1111,134,15.336980819702148,0.005314826965332031,5629.0,18.11425018310547,93,1
SLIM*ABS,cf1379e0-3726-11f0-8f04-f89e941a2f2f,sustavianfeed,1111,135,15.336980819702148,0.005241870880126953,5687.0,18.11425018310547,93,1
SLIM*ABS,cf1379e0-3726-11f0-8f04-f89e941a2f2f,sustavianfeed,1111,136,15.336980819702148,0.006117343902587891,5762.0,18.11425018310547,93,1
SLIM*ABS,cf1379e0-3726-11f0-8f04-f89e941a2f2f,sustavianfeed,1111,137,15.336980819702148,0.005526065826416016,5640.0,18.11425018310547,93,1
SLIM*ABS,cf1379e0-3726-11f0-8f04-f89e941a2f2f,sustavianfeed,1111,138,15.336980819702148,0.007335186004638672,5652.0,18.11425018310547,93,1
SLIM*ABS,cf1379e0-3726-11f0-8f04-f89e941a2f2f,sustavianfeed,1111,139,15.336980819702148,0.005585193634033203,5777.0,18.11425018310547,93,1
SLIM*ABS,cf1379e0-3726-11f0-8f04-f89e941a2f2f,sustavianfeed,1111,140,15.336980819702148,0.005627632141113281,5460.0,18.11425018310547,93,1
SLIM*ABS,cf1379e0-3726-11f0-8f04-f89e941a2f2f,sustavianfeed,1111,141,15.336980819702148,0.0072479248046875,5515.0,18.11425018310547,93,1
SLIM*ABS,cf1379e0-3726-11f0-8f04-f89e941a2f2f,sustavianfeed,1111,142,15.336980819702148,0.006403923034667969,5385.0,18.11425018310547,93,1
SLIM*ABS,cf1379e0-3726-11f0-8f04-f89e941a2f2f,sustavianfeed,1111,143,15.336980819702148,0.007164478302001953,5355.0,18.11425018310547,93,1
SLIM*ABS,cf1379e0-3726-11f0-8f04-f89e941a2f2f,sustavianfeed,1111,144,15.336980819702148,0.005854368209838867,5612.0,18.11425018310547,93,1
SLIM*ABS,cf1379e0-3726-11f0-8f04-f89e941a2f2f,sustavianfeed,1111,145,15.336980819702148,0.005167961120605469,5715.0,18.11425018310547,93,1
SLIM*ABS,cf1379e0-3726-11f0-8f04-f89e941a2f2f,sustavianfeed,1111,146,15.336980819702148,0.004683971405029297,5700.0,18.11425018310547,93,1
SLIM*ABS,cf1379e0-3726-11f0-8f04-f89e941a2f2f,sustavianfeed,1111,147,15.336980819702148,0.0054569244384765625,5687.0,18.11425018310547,93,1
SLIM*ABS,cf1379e0-3726-11f0-8f04-f89e941a2f2f,sustavianfeed,1111,148,15.336980819702148,0.005959033966064453,5657.0,18.11425018310547,93,1
SLIM*ABS,cf1379e0-3726-11f0-8f04-f89e941a2f2f,sustavianfeed,1111,149,15.336980819702148,0.0059185028076171875,5477.0,18.11425018310547,93,1
SLIM*ABS,cf1379e0-3726-11f0-8f04-f89e941a2f2f,sustavianfeed,1111,150,15.336980819702148,0.004714488983154297,5732.0,18.11425018310547,93,1
SLIM*ABS,cf1379e0-3726-11f0-8f04-f89e941a2f2f,sustavianfeed,1111,0,23.677398681640625,0.006804704666137695,280.0,17.286808013916016,3,1
SLIM*ABS,cf1379e0-3726-11f0-8f04-f89e941a2f2f,sustavianfeed,1111,1,18.86277198791504,0.008321046829223633,668.0,26.81829833984375,18,1
SLIM*ABS,cf1379e0-3726-11f0-8f04-f89e941a2f2f,sustavianfeed,1111,2,16.137752532958984,0.008427143096923828,856.0,14.876361846923828,18,1
SLIM*ABS,cf1379e0-3726-11f0-8f04-f89e941a2f2f,sustavianfeed,1111,3,15.926456451416016,0.008899927139282227,1231.0,15.417999267578125,49,1
SLIM*ABS,cf1379e0-3726-11f0-8f04-f89e941a2f2f,sustavianfeed,1111,4,15.926456451416016,0.008748292922973633,1183.0,15.417999267578125,49,1
SLIM*ABS,cf1379e0-3726-11f0-8f04-f89e941a2f2f,sustavianfeed,1111,5,15.926456451416016,0.009406089782714844,1591.0,15.417999267578125,49,1
SLIM*ABS,cf1379e0-3726-11f0-8f04-f89e941a2f2f,sustavianfeed,1111,6,15.926456451416016,0.0097808837890625,1598.0,15.417999267578125,49,1
SLIM*ABS,cf1379e0-3726-11f0-8f04-f89e941a2f2f,sustavianfeed,1111,7,15.926456451416016,0.010174274444580078,2022.0,15.417999267578125,49,1
SLIM*ABS,cf1379e0-3726-11f0-8f04-f89e941a2f2f,sustavianfeed,1111,8,15.926456451416016,0.009333610534667969,2094.0,15.417999267578125,49,1
SLIM*ABS,cf1379e0-3726-11f0-8f04-f89e941a2f2f,sustavianfeed,1111,9,15.926456451416016,0.009146690368652344,2330.0,15.417999267578125,49,1
SLIM*ABS,cf1379e0-3726-11f0-8f04-f89e941a2f2f,sustavianfeed,1111,10,11.720191955566406,0.010031700134277344,2226.0,14.882173538208008,66,1
SLIM*ABS,cf1379e0-3726-11f0-8f04-f89e941a2f2f,sustavianfeed,1111,11,11.647263526916504,0.010779380798339844,2626.0,14.95595932006836,81,1
SLIM*ABS,cf1379e0-3726-11f0-8f04-f89e941a2f2f,sustavianfeed,1111,12,11.595115661621094,0.012026548385620117,2771.0,16.575809478759766,100,1
SLIM*ABS,cf1379e0-3726-11f0-8f04-f89e941a2f2f,sustavianfeed,1111,13,11.325389862060547,0.010338544845581055,3644.0,15.661773681640625,79,1
SLIM*ABS,cf1379e0-3726-11f0-8f04-f89e941a2f2f,sustavianfeed,1111,14,11.325389862060547,0.010471820831298828,3776.0,15.661773681640625,79,1
SLIM*ABS,cf1379e0-3726-11f0-8f04-f89e941a2f2f,sustavianfeed,1111,15,11.310478210449219,0.011014223098754883,3756.0,15.78056526184082,94,1
SLIM*ABS,cf1379e0-3726-11f0-8f04-f89e941a2f2f,sustavianfeed,1111,16,11.310478210449219,0.009969711303710938,4244.0,15.78056526184082,94,1
SLIM*ABS,cf1379e0-3726-11f0-8f04-f89e941a2f2f,sustavianfeed,1111,17,11.310478210449219,0.01093149185180664,4369.0,15.78056526184082,94,1
SLIM*ABS,cf1379e0-3726-11f0-8f04-f89e941a2f2f,sustavianfeed,1111,18,11.310478210449219,0.009552955627441406,4452.0,15.78056526184082,94,1
SLIM*ABS,cf1379e0-3726-11f0-8f04-f89e941a2f2f,sustavianfeed,1111,19,11.310478210449219,0.008536815643310547,4615.0,15.78056526184082,94,1
SLIM*ABS,cf1379e0-3726-11f0-8f04-f89e941a2f2f,sustavianfeed,1111,20,11.310478210449219,0.00836181640625,4752.0,15.78056526184082,94,1
SLIM*ABS,cf1379e0-3726-11f0-8f04-f89e941a2f2f,sustavianfeed,1111,21,11.310478210449219,0.00794076919555664,4906.0,15.78056526184082,94,1
SLIM*ABS,cf1379e0-3726-11f0-8f04-f89e941a2f2f,sustavianfeed,1111,22,11.310478210449219,0.008080005645751953,4682.0,15.78056526184082,94,1
SLIM*ABS,cf1379e0-3726-11f0-8f04-f89e941a2f2f,sustavianfeed,1111,23,11.301597595214844,0.006905555725097656,4790.0,15.96383285522461,94,1
SLIM*ABS,cf1379e0-3726-11f0-8f04-f89e941a2f2f,sustavianfeed,1111,24,11.301597595214844,0.006661891937255859,4995.0,15.96383285522461,94,1
SLIM*ABS,cf1379e0-3726-11f0-8f04-f89e941a2f2f,sustavianfeed,1111,25,11.301597595214844,0.006579875946044922,4893.0,15.96383285522461,94,1
SLIM*ABS,cf1379e0-3726-11f0-8f04-f89e941a2f2f,sustavianfeed,1111,26,11.301597595214844,0.0063991546630859375,4912.0,15.96383285522461,94,1
SLIM*ABS,cf1379e0-3726-11f0-8f04-f89e941a2f2f,sustavianfeed,1111,27,11.301597595214844,0.006102800369262695,5038.0,15.96383285522461,94,1
SLIM*ABS,cf1379e0-3726-11f0-8f04-f89e941a2f2f,sustavianfeed,1111,28,11.301597595214844,0.00601959228515625,5085.0,15.96383285522461,94,1
SLIM*ABS,cf1379e0-3726-11f0-8f04-f89e941a2f2f,sustavianfeed,1111,29,11.301597595214844,0.006133556365966797,4924.0,15.96383285522461,94,1
SLIM*ABS,cf1379e0-3726-11f0-8f04-f89e941a2f2f,sustavianfeed,1111,30,11.301597595214844,0.005076408386230469,4842.0,15.96383285522461,94,1
SLIM*ABS,cf1379e0-3726-11f0-8f04-f89e941a2f2f,sustavianfeed,1111,31,11.301597595214844,0.005216121673583984,4992.0,15.96383285522461,94,1
SLIM*ABS,cf1379e0-3726-11f0-8f04-f89e941a2f2f,sustavianfeed,1111,32,11.301597595214844,0.0045773983001708984,5002.0,15.96383285522461,94,1
SLIM*ABS,cf1379e0-3726-11f0-8f04-f89e941a2f2f,sustavianfeed,1111,33,11.301597595214844,0.0044116973876953125,5035.0,15.96383285522461,94,1
SLIM*ABS,cf1379e0-3726-11f0-8f04-f89e941a2f2f,sustavianfeed,1111,34,11.301597595214844,0.004975080490112305,5048.0,15.96383285522461,94,1
SLIM*ABS,cf1379e0-3726-11f0-8f04-f89e941a2f2f,sustavianfeed,1111,35,11.301597595214844,0.0054318904876708984,4895.0,15.96383285522461,94,1
SLIM*ABS,cf1379e0-3726-11f0-8f04-f89e941a2f2f,sustavianfeed,1111,36,11.301597595214844,0.00636744499206543,5007.0,15.96383285522461,94,1
SLIM*ABS,cf1379e0-3726-11f0-8f04-f89e941a2f2f,sustavianfeed,1111,37,11.301597595214844,0.005114316940307617,5011.0,15.96383285522461,94,1
SLIM*ABS,cf1379e0-3726-11f0-8f04-f89e941a2f2f,sustavianfeed,1111,38,11.301597595214844,0.004251956939697266,4980.0,15.96383285522461,94,1
SLIM*ABS,cf1379e0-3726-11f0-8f04-f89e941a2f2f,sustavianfeed,1111,39,11.301597595214844,0.006428718566894531,5181.0,15.96383285522461,94,1
SLIM*ABS,cf1379e0-3726-11f0-8f04-f89e941a2f2f,sustavianfeed,1111,40,11.301597595214844,0.005007505416870117,5012.0,15.96383285522461,94,1
SLIM*ABS,cf1379e0-3726-11f0-8f04-f89e941a2f2f,sustavianfeed,1111,41,11.301597595214844,0.005110263824462891,5200.0,15.96383285522461,94,1
SLIM*ABS,cf1379e0-3726-11f0-8f04-f89e941a2f2f,sustavianfeed,1111,42,11.301597595214844,0.005160093307495117,5070.0,15.96383285522461,94,1
SLIM*ABS,cf1379e0-3726-11f0-8f04-f89e941a2f2f,sustavianfeed,1111,43,11.301597595214844,0.014127731323242188,4992.0,15.96383285522461,94,1
SLIM*ABS,cf1379e0-3726-11f0-8f04-f89e941a2f2f,sustavianfeed,1111,44,11.301597595214844,0.012910127639770508,4934.0,15.96383285522461,94,1
SLIM*ABS,cf1379e0-3726-11f0-8f04-f89e941a2f2f,sustavianfeed,1111,45,11.301597595214844,0.006189584732055664,4989.0,15.96383285522461,94,1
SLIM*ABS,cf1379e0-3726-11f0-8f04-f89e941a2f2f,sustavianfeed,1111,46,11.301597595214844,0.009806394577026367,4963.0,15.96383285522461,94,1
